%time,field.header.seq,field.header.stamp,field.header.frame_id,field.armed,field.failsafe,field.rc_override,field.offboard,field.control_mode,field.error_code,field.num_errors,field.loop_time_us
1564692282655445593,4,1564692282654533282,,0,0,1,0,2,12,27264,125
1564692282755690691,5,1564692282754602210,,0,0,1,0,2,12,27268,31
1564692282856559677,6,1564692282854671638,,0,0,1,0,2,12,27272,344
1564692282955880756,7,1564692282954598980,,0,0,1,0,2,12,27276,218
1564692283056375735,8,1564692283054575364,,0,0,1,0,2,12,27280,31
1564692283157530477,9,1564692283156810003,,0,0,1,0,2,12,27284,93
1564692283257422943,10,1564692283256554050,,0,0,1,0,2,12,27288,125
1564692283357248741,11,1564692283356569018,,0,0,1,0,2,12,27292,125
1564692283457256251,12,1564692283456562861,,0,0,1,0,2,12,27296,219
1564692283557542850,13,1564692283556582122,,0,0,1,0,2,12,27300,125
1564692283657188686,14,1564692283656555006,,0,0,1,0,2,12,27306,63
1564692283759552327,15,1564692283758674351,,0,0,1,0,2,12,27310,32
1564692283859419210,16,1564692283858466898,,0,0,1,0,2,12,27314,32
1564692283959523930,17,1564692283958484867,,0,0,1,0,2,12,27318,31
1564692284059593858,18,1564692284058596296,,0,0,1,0,2,12,27322,31
1564692284160575680,19,1564692284158613306,,0,0,1,0,2,12,27326,32
1564692284263019615,20,1564692284261016324,,0,0,1,0,2,12,27330,32
1564692284362308402,21,1564692284360610159,,0,0,1,0,2,12,27334,125
1564692284461489311,22,1564692284460613085,,0,0,1,0,2,12,27338,31
1564692284562082750,23,1564692284560642137,,0,0,1,0,2,12,27342,282
1564692284661966174,24,1564692284660598730,,0,0,1,0,2,12,27348,31
1564692284764293524,25,1564692284762509154,,0,0,1,0,2,12,27352,63
1564692284863274263,26,1564692284862619916,,0,0,1,0,2,12,27356,188
1564692284963304857,27,1564692284962640635,,0,0,1,0,2,12,27360,31
1564692285063717833,28,1564692285062924275,,0,0,1,0,2,12,27362,31
1564692285163548673,29,1564692285162614737,,0,0,1,0,2,12,27366,125
1564692285265392387,30,1564692285264394534,,0,0,1,0,2,12,27370,31
1564692285365827156,31,1564692285364509087,,0,0,1,0,2,12,27374,125
1564692285465811457,32,1564692285464619350,,0,0,1,0,2,12,27378,125
1564692285565927470,33,1564692285564677236,,0,0,1,0,2,12,27382,94
1564692285666274278,34,1564692285664709413,,0,0,1,0,2,12,27388,31
1564692285767744443,35,1564692285766715672,,0,0,1,0,2,12,27392,63
1564692285867196275,36,1564692285866645972,,0,0,1,0,2,12,27396,93
1564692285967598752,37,1564692285966657149,,0,0,1,0,2,12,27400,32
1564692286067610762,38,1564692286066649159,,0,0,1,0,2,12,27404,31
1564692286168830589,39,1564692286168405163,,0,0,1,0,2,12,27408,94
1564692286267755077,40,1564692286266665637,,0,0,1,0,2,12,27412,125
1564692286368823567,41,1564692286368314890,,0,0,1,0,2,12,27416,31
1564692286469818347,42,1564692286468743700,,0,0,1,0,2,12,27420,344
1564692286570732126,43,1564692286570388785,,0,0,1,0,2,12,27424,125
1564692286669418192,44,1564692286668505882,,0,0,1,0,2,12,27430,31
1564692286770469557,45,1564692286768523767,,0,0,1,0,2,12,27434,125
1564692286869597674,46,1564692286868781449,,0,0,1,0,2,12,27438,31
1564692286973180382,47,1564692286972312281,,0,0,1,0,2,12,27442,32
1564692287072189913,48,1564692287070720592,,0,0,1,0,2,12,27446,62
1564692287171898209,49,1564692287170669350,,0,0,1,0,2,12,27450,125
1564692287271842926,50,1564692287270641485,,0,0,1,0,2,12,27454,31
1564692287371849019,51,1564692287370821790,,0,0,1,0,2,12,27458,62
1564692287473446770,52,1564692287472633629,,0,0,1,0,2,12,27462,187
1564692287573061897,53,1564692287572760766,,0,0,1,0,2,12,27464,31
1564692287675584167,54,1564692287674657315,,0,0,1,0,2,12,27470,125
1564692287774667658,55,1564692287772679076,,0,0,1,0,2,12,27474,31
1564692287874074948,56,1564692287872688628,,0,0,1,0,2,12,27478,31
1564692287974814181,57,1564692287974420882,,0,0,1,0,2,12,27482,31
1564692288075888838,58,1564692288074920068,,0,0,1,0,2,12,27486,94
1564692288175968891,59,1564692288174713949,,0,0,1,0,2,12,27490,375
1564692288276977339,60,1564692288276569164,,0,0,1,0,2,12,27494,32
1564692288299713263,61,1564692288298560823,,0,0,1,0,2,4,27496,31
1564692288376894472,62,1564692288374628384,,0,0,1,0,2,4,27498,125
1564692288476353512,63,1564692288474569309,,0,0,1,0,2,4,27502,281
1564692288578861032,64,1564692288578463816,,0,0,1,0,2,4,27506,31
1564692288677940648,65,1564692288676707039,,0,0,1,0,2,4,27512,31
1564692288777667194,66,1564692288776852552,,0,0,1,0,2,4,27516,218
1564692288879144818,67,1564692288878454012,,0,0,1,0,2,4,27520,31
1564692288977974595,68,1564692288976697486,,0,0,1,0,2,4,27524,281
1564692289079475011,69,1564692289078692078,,0,0,1,0,2,4,27528,32
1564692289181468437,70,1564692289180576377,,0,0,1,0,2,4,27532,31
1564692289279838288,71,1564692289278702431,,0,0,1,0,2,4,27536,375
1564692289379516500,72,1564692289378700150,,0,0,1,0,2,4,27540,62
1564692289481103084,73,1564692289480447154,,0,0,1,0,2,4,27544,32
1564692289580959591,74,1564692289580484164,,0,0,1,0,2,4,27548,125
1564692289681601114,75,1564692289680733346,,0,0,1,0,2,4,27554,32
1564692289782805732,76,1564692289780853733,,0,0,1,0,2,4,27558,93
1564692289882800783,77,1564692289880723741,,0,0,1,0,2,4,27562,31
1564692289981504600,78,1564692289980728751,,0,0,1,0,2,4,27566,32
1564692290081871159,79,1564692290080669301,,0,0,1,0,2,4,27570,94
1564692290184360303,80,1564692290183299323,,0,0,1,0,2,4,27572,32
1564692290284031515,81,1564692290282888116,,0,0,1,0,2,4,27576,31
1564692290383533389,82,1564692290382734831,,0,0,1,0,2,4,27580,125
1564692290484129078,83,1564692290482819801,,0,0,1,0,2,4,27584,32
1564692290584128963,84,1564692290582746143,,0,0,1,0,2,4,27588,32
1564692290685534252,85,1564692290684785570,,0,0,1,0,2,4,27592,188
1564692290787460426,86,1564692290786475448,,0,0,1,0,2,4,27596,94
1564692290885623315,87,1564692290884733880,,0,0,1,0,2,4,27600,125
1564692290985607325,88,1564692290984700848,,0,0,1,0,2,4,27604,125
1564692291085879590,89,1564692291084834277,,0,0,1,0,2,4,27608,31
1564692291185173461,90,1564692291184856162,,0,0,1,0,2,4,27612,31
1564692291287349015,91,1564692291286996758,,0,0,1,0,2,4,27616,93
1564692291387137229,92,1564692291386839473,,0,0,1,0,2,4,27620,281
1564692291487777960,93,1564692291486767856,,0,0,1,0,2,4,27624,62
1564692291588337023,94,1564692291586838368,,0,0,1,0,2,4,27628,125
1564692291687905274,95,1564692291686618540,,0,0,1,0,2,4,27634,94
1564692291792290916,96,1564692291788788552,,0,0,1,0,2,4,27638,31
1564692291889151195,97,1564692291888875564,,0,0,1,0,2,4,27642,93
1564692291990081265,98,1564692291988790739,,0,0,1,0,2,4,27646,282
1564692292090005024,99,1564692292088664621,,0,0,1,0,2,4,27650,31
1564692292189918615,100,1564692292188784550,,0,0,1,0,2,4,27654,31
1564692292292350592,101,1564692292290648890,,0,0,1,0,2,4,27658,93
1564692292391823757,102,1564692292390797778,,0,0,1,0,2,4,27662,94
1564692292491284298,103,1564692292490782121,,0,0,1,0,2,4,27666,125
1564692292591982822,104,1564692292590794465,,0,0,1,0,2,4,27670,31
1564692292691710702,105,1564692292690788558,,0,0,1,0,2,4,27674,63
1564692292791822297,106,1564692292790681399,,0,0,1,0,2,4,27678,94
1564692292893674803,107,1564692292892805494,,0,0,1,0,2,4,27682,125
1564692292994745460,108,1564692292992980466,,0,0,1,0,2,4,27686,94
1564692293094050914,109,1564692293092809472,,0,0,1,0,2,4,27690,94
1564692293194431015,110,1564692293192792940,,0,0,1,0,2,4,27694,94
1564692293293794804,111,1564692293292845743,,0,0,1,0,2,4,27698,62
1564692293396007901,112,1564692293394835627,,0,0,1,0,2,4,27702,32
1564692293495138518,113,1564692293494799511,,0,0,1,0,2,4,27706,32
1564692293596097339,114,1564692293594803229,,0,0,1,0,2,4,27710,125
1564692293696137891,115,1564692293694828406,,0,0,1,0,2,4,27716,281
1564692293795914188,116,1564692293794835083,,0,0,1,0,2,4,27720,31
1564692293897351978,117,1564692293896535919,,0,0,1,0,2,4,27724,125
1564692293997556742,118,1564692293996794685,,0,0,1,0,2,4,27728,31
1564692294099308538,119,1564692294096867946,,0,0,1,0,2,4,27732,125
1564692294198411029,120,1564692294196995042,,0,0,1,0,2,4,27736,31
1564692294297650315,121,1564692294296797673,,0,0,1,0,2,4,27740,31
1564692294399496530,122,1564692294398609178,,0,0,1,0,2,4,27744,31
1564692294500108219,123,1564692294498818276,,0,0,1,0,2,4,27748,32
1564692294599271253,124,1564692294598944996,,0,0,1,0,2,4,27752,125
1564692294699765106,125,1564692294698814212,,0,0,1,0,2,4,27758,125
1564692294799777867,126,1564692294798828264,,0,0,1,0,2,4,27762,282
1564692294900496266,127,1564692294898949859,,0,0,1,0,2,4,27766,63
1564692295001964015,128,1564692295000968036,,0,0,1,0,2,4,27770,31
1564692295103144590,129,1564692295100939920,,0,0,1,0,2,4,27774,125
1564692295201226394,130,1564692295200848553,,0,0,1,0,2,4,27778,63
1564692295302410345,131,1564692295300838480,,0,0,1,0,2,4,27780,125
1564692295401658840,132,1564692295400831114,,0,0,1,0,2,4,27784,31
1564692295504417073,133,1564692295502873999,,0,0,1,0,2,4,27788,32
1564692295604442666,134,1564692295602833383,,0,0,1,0,2,4,27792,32
1564692295703837539,135,1564692295702928395,,0,0,1,0,2,4,27798,31
1564692295803667795,136,1564692295802845820,,0,0,1,0,2,4,27802,31
1564692295903777474,137,1564692295902723703,,0,0,1,0,2,4,27806,31
1564692296004385830,138,1564692296002763672,,0,0,1,0,2,4,27810,125
1564692296106077875,139,1564692296104840766,,0,0,1,0,2,4,27814,187
1564692296205453872,140,1564692296204841484,,0,0,1,0,2,4,27818,32
1564692296305261169,141,1564692296304873703,,0,0,1,0,2,4,27822,125
1564692296406143114,142,1564692296404699793,,0,0,1,0,2,4,27826,63
1564692296505794033,143,1564692296504977558,,0,0,1,0,2,4,27830,93
1564692296607282782,144,1564692296606876690,,0,0,1,0,2,4,27834,31
1564692296708133434,145,1564692296706874325,,0,0,1,0,2,4,27840,31
1564692296807790646,146,1564692296806849376,,0,0,1,0,2,4,27844,31
1564692296908719550,147,1564692296906977972,,0,0,1,0,2,4,27848,281
1564692297008401428,148,1564692297006863188,,0,0,1,0,2,4,27852,63
1564692297108846822,149,1564692297108503690,,0,0,1,0,2,4,27856,32
1564692297209996189,150,1564692297209037961,,0,0,1,0,2,4,27860,31
1564692297310081992,151,1564692297308919593,,0,0,1,0,2,4,27864,281
1564692297410119586,152,1564692297408883686,,0,0,1,0,2,4,27868,31
1564692297510664732,153,1564692297508796152,,0,0,1,0,2,4,27872,31
1564692297609997728,154,1564692297608877580,,0,0,1,0,2,4,27876,62
1564692297711694481,155,1564692297711021176,,0,0,1,0,2,4,27882,63
1564692297811992622,156,1564692297811026103,,0,0,1,0,2,4,27884,125
1564692297911409537,157,1564692297911012446,,0,0,1,0,2,4,27888,125
1564692298012362775,158,1564692298010916162,,0,0,1,0,2,4,27892,125
1564692298111838899,159,1564692298110887796,,0,0,1,0,2,4,27896,31
1564692298214397753,160,1564692298212908306,,0,0,1,0,2,4,27900,125
1564692298313706665,161,1564692298312890607,,0,0,1,0,2,4,27904,219
1564692298414230436,162,1564692298412934785,,0,0,1,0,2,4,27908,188
1564692298514007483,163,1564692298512797250,,0,0,1,0,2,4,27912,63
1564692298614538046,164,1564692298612934804,,0,0,1,0,2,4,27916,63
1564692298713741497,165,1564692298712779769,,0,0,1,0,2,4,27920,31
1564692298815916969,166,1564692298814886031,,0,0,1,0,2,4,27924,125
1564692298916013647,167,1564692298914919041,,0,0,1,0,2,4,27928,344
1564692299016493875,168,1564692299015169973,,0,0,1,0,2,4,27932,125
1564692299116441426,169,1564692299114898769,,0,0,1,0,2,4,27936,281
1564692299216035469,170,1564692299214805110,,0,0,1,0,2,4,27940,93
1564692299318037270,171,1564692299316911247,,0,0,1,0,2,4,27944,219
1564692299417690148,172,1564692299417032176,,0,0,1,0,2,4,27948,187
1564692299517987664,173,1564692299517078270,,0,0,1,0,2,4,27952,62
1564692299618051967,174,1564692299616913902,,0,0,1,0,2,4,27956,31
1564692299718153895,175,1564692299716800993,,0,0,1,0,2,4,27962,125
1564692299820064444,176,1564692299818953672,,0,0,1,0,2,4,27966,281
1564692299919400774,177,1564692299918932598,,0,0,1,0,2,4,27970,375
1564692300020011921,178,1564692300019042360,,0,0,1,0,2,4,27974,31
1564692300121311500,179,1564692300120589152,,0,0,1,0,2,4,27978,63
1564692300221438637,180,1564692300219017338,,0,0,1,0,2,4,27982,94
1564692300320231122,181,1564692300318781509,,0,0,1,0,2,4,27986,31
1564692300421779331,182,1564692300421374197,,0,0,1,0,2,4,27988,125
1564692300524205765,183,1564692300522604441,,0,0,1,0,2,4,27992,32
1564692300622871623,184,1564692300620960834,,0,0,1,0,2,4,27996,63
1564692300724496499,185,1564692300721502188,,0,0,1,0,2,4,28002,125
1564692300822584387,186,1564692300821057564,,0,0,1,0,2,4,28006,94
1564692300925046364,187,1564692300924687023,,0,0,1,0,2,4,28010,125
1564692301024629699,188,1564692301023023666,,0,0,1,0,2,4,28014,31
1564692301124112323,189,1564692301122958216,,0,0,1,0,2,4,28018,31
1564692301224261711,190,1564692301222939934,,0,0,1,0,2,4,28022,93
1564692301325326659,191,1564692301324844566,,0,0,1,0,2,4,28026,94
1564692301426218646,192,1564692301425154166,,0,0,1,0,2,4,28030,94
1564692301525341179,193,1564692301524953921,,0,0,1,0,2,4,28034,62
1564692301625252937,194,1564692301624955348,,0,0,1,0,2,4,28038,62
1564692301727353949,195,1564692301726606475,,0,0,1,0,2,4,28044,187
1564692301826725612,196,1564692301825213498,,0,0,1,0,2,4,28048,125
1564692301927042754,197,1564692301924971503,,0,0,1,0,2,4,28052,31
1564692302027407771,198,1564692302026987679,,0,0,1,0,2,4,28056,31
1564692302130041793,199,1564692302128850769,,0,0,1,0,2,4,28060,62
1564692302228057721,200,1564692302226977032,,0,0,1,0,2,4,28064,93
1564692302328068189,201,1564692302327000084,,0,0,1,0,2,4,28068,32
1564692302427909779,202,1564692302426982344,,0,0,1,0,2,4,28072,31
1564692302531704075,203,1564692302530733972,,0,0,1,0,2,4,28076,94
1564692302629993092,204,1564692302628990363,,0,0,1,0,2,4,28080,31
1564692302729985102,205,1564692302728995456,,0,0,1,0,2,4,28086,32
1564692302830952673,206,1564692302829399350,,0,0,1,0,2,4,28090,219
1564692302930003414,207,1564692302928877599,,0,0,1,0,2,4,28092,188
1564692303031261366,208,1564692303030621561,,0,0,1,0,2,4,28096,94
1564692303131904431,209,1564692303131018287,,0,0,1,0,2,4,28100,31
1564692303231627185,210,1564692303231011922,,0,0,1,0,2,4,28104,94
1564692303332541922,211,1564692303331147185,,0,0,1,0,2,4,28108,219
1564692303432161216,212,1564692303430997858,,0,0,1,0,2,4,28112,188
1564692303533051910,213,1564692303532647444,,0,0,1,0,2,4,28116,32
1564692303634413865,214,1564692303633195298,,0,0,1,0,2,4,28120,94
1564692303733852488,215,1564692303733150891,,0,0,1,0,2,4,28126,250
1564692303834208881,216,1564692303833008939,,0,0,1,0,2,4,28130,31
1564692303934068179,217,1564692303933035116,,0,0,1,0,2,4,28134,32
1564692304033996063,218,1564692304033012751,,0,0,1,0,2,4,28138,125
1564692304135283182,219,1564692304135005385,,0,0,1,0,2,4,28142,31
1564692304236212711,220,1564692304235025270,,0,0,1,0,2,4,28146,32
1564692304335326203,221,1564692304335025905,,0,0,1,0,2,4,28150,63
1564692304436268066,222,1564692304435020290,,0,0,1,0,2,4,28154,63
1564692304535969611,223,1564692304535036092,,0,0,1,0,2,4,28158,31
1564692304638655051,224,1564692304637073352,,0,0,1,0,2,4,28162,125
1564692304737793752,225,1564692304737222031,,0,0,1,0,2,4,28168,31
1564692304838054433,226,1564692304837075413,,0,0,1,0,2,4,28172,62
1564692304938678748,227,1564692304937087340,,0,0,1,0,2,4,28176,31
1564692305037921284,228,1564692305037035807,,0,0,1,0,2,4,28180,94
1564692305138735269,229,1564692305137067360,,0,0,1,0,2,4,28184,94
1564692305240113349,230,1564692305239187038,,0,0,1,0,2,4,28188,31
1564692305339612723,231,1564692305339052087,,0,0,1,0,2,4,28192,94
1564692305442050700,232,1564692305439298602,,0,0,1,0,2,4,28196,187
1564692305540167088,233,1564692305538909437,,0,0,1,0,2,4,28198,344
1564692305640141472,234,1564692305639074242,,0,0,1,0,2,4,28202,31
1564692305741627221,235,1564692305741061251,,0,0,1,0,2,4,28208,32
1564692305842048656,236,1564692305841170555,,0,0,1,0,2,4,28212,31
1564692305942528592,237,1564692305941200899,,0,0,1,0,2,4,28216,125
1564692306042443767,238,1564692306041085031,,0,0,1,0,2,4,28220,93
1564692306142341692,239,1564692306140927413,,0,0,1,0,2,4,28224,31
1564692306244085446,240,1564692306242922922,,0,0,1,0,2,4,28228,187
1564692306343775908,241,1564692306343084602,,0,0,1,0,2,4,28232,63
1564692306443966588,242,1564692306443082528,,0,0,1,0,2,4,28236,31
1564692306544039225,243,1564692306542938660,,0,0,1,0,2,4,28240,125
1564692306644408492,244,1564692306643091048,,0,0,1,0,2,4,28244,94
1564692306744498170,245,1564692306743112684,,0,0,1,0,2,4,28248,32
1564692306846064587,246,1564692306845083692,,0,0,1,0,2,4,28252,250
1564692306946027805,247,1564692306945066494,,0,0,1,0,2,4,28256,63
1564692307045402260,248,1564692307045075629,,0,0,1,0,2,4,28260,31
1564692307146654504,249,1564692307145087014,,0,0,1,0,2,4,28264,63
1564692307246376175,250,1564692307245069023,,0,0,1,0,2,4,28268,32
1564692307348713983,251,1564692307347121200,,0,0,1,0,2,4,28272,31
1564692307449222212,252,1564692307447130127,,0,0,1,0,2,4,28276,31
1564692307547768192,253,1564692307547233514,,0,0,1,0,2,4,28280,31
1564692307648210252,254,1564692307647083063,,0,0,1,0,2,4,28284,281
1564692307748692314,255,1564692307747068364,,0,0,1,0,2,4,28290,94
1564692307849911265,256,1564692307848876536,,0,0,1,0,2,4,28294,31
1564692307950140655,257,1564692307949102384,,0,0,1,0,2,4,28298,31
1564692308049750657,258,1564692308049105185,,0,0,1,0,2,4,28300,125
1564692308151104486,259,1564692308149059694,,0,0,1,0,2,4,28304,32
1564692308250426524,260,1564692308249075163,,0,0,1,0,2,4,28308,94
1564692308351902647,261,1564692308348974421,,0,0,1,0,2,4,28312,125
1564692308453020389,262,1564692308451305103,,0,0,1,0,2,4,28316,187
1564692308552504763,263,1564692308551253029,,0,0,1,0,2,4,28320,31
1564692308651911552,264,1564692308651140828,,0,0,1,0,2,4,28324,125
1564692308752403364,265,1564692308751078462,,0,0,1,0,2,4,28330,125
1564692308852610753,266,1564692308851164932,,0,0,1,0,2,4,28334,125
1564692308954437050,267,1564692308953203942,,0,0,1,0,2,4,28338,31
1564692309054858402,268,1564692309053124492,,0,0,1,0,2,4,28342,282
1564692309155073292,269,1564692309153124460,,0,0,1,0,2,4,28346,125
1564692309254452164,270,1564692309252994551,,0,0,1,0,2,4,28350,31
1564692309354399881,271,1564692309353074479,,0,0,1,0,2,4,28354,125
1564692309455512455,272,1564692309454794232,,0,0,1,0,2,4,28358,31
1564692309556036601,273,1564692309555119124,,0,0,1,0,2,4,28362,63
1564692309656305283,274,1564692309655139134,,0,0,1,0,2,4,28366,63
1564692309756354211,275,1564692309755115102,,0,0,1,0,2,4,28372,31
1564692309856226010,276,1564692309855150279,,0,0,1,0,2,4,28376,31
1564692309956138934,277,1564692309955097955,,0,0,1,0,2,4,28380,31
1564692310058363073,278,1564692310057241550,,0,0,1,0,2,4,28384,32
1564692310157935783,279,1564692310157109141,,0,0,1,0,2,4,28388,31
1564692310258473512,280,1564692310257146776,,0,0,1,0,2,4,28392,32
1564692310358660234,281,1564692310357266622,,0,0,1,0,2,4,28396,62
1564692310458333529,282,1564692310457222131,,0,0,1,0,2,4,28400,63
1564692310559208098,283,1564692310558799590,,0,0,1,0,2,4,28404,62
1564692310659965207,284,1564692310659162566,,0,0,1,0,2,4,28406,125
1564692310760319849,285,1564692310759181951,,0,0,1,0,2,4,28412,32
1564692310860728326,286,1564692310859264088,,0,0,1,0,2,4,28416,63
1564692310959968154,287,1564692310959131553,,0,0,1,0,2,4,28420,125
1564692311059544488,288,1564692311059179897,,0,0,1,0,2,4,28424,219
1564692311161598623,289,1564692311161287492,,0,0,1,0,2,4,28428,31
1564692311262519902,290,1564692311261193042,,0,0,1,0,2,4,28432,375
1564692311362557955,291,1564692311361154551,,0,0,1,0,2,4,28436,31
1564692311461912910,292,1564692311461153019,,0,0,1,0,2,4,28440,94
1564692311562734603,293,1564692311561318949,,0,0,1,0,2,4,28444,125
1564692311664439856,294,1564692311663480753,,0,0,1,0,2,4,28448,188
1564692311764286488,295,1564692311763203632,,0,0,1,0,2,4,28454,62
1564692311866018492,296,1564692311865030763,,0,0,1,0,2,4,28458,31
1564692311964907437,297,1564692311963206152,,0,0,1,0,2,4,28462,63
1564692312064755736,298,1564692312063251496,,0,0,1,0,2,4,28466,63
1564692312165321840,299,1564692312164943791,,0,0,1,0,2,4,28470,125
1564692312268194076,300,1564692312267161805,,0,0,1,0,2,4,28474,32
1564692312366344840,301,1564692312365212941,,0,0,1,0,2,4,28478,31
1564692312466587063,302,1564692312465164909,,0,0,1,0,2,4,28482,31
1564692312566596823,303,1564692312565217003,,0,0,1,0,2,4,28486,94
1564692312667412600,304,1564692312666946673,,0,0,1,0,2,4,28490,94
1564692312768461173,305,1564692312767339066,,0,0,1,0,2,4,28496,94
1564692312868208469,306,1564692312867201698,,0,0,1,0,2,4,28500,94
1564692312968357232,307,1564692312967393962,,0,0,1,0,2,4,28504,63
1564692313069933191,308,1564692313068836543,,0,0,1,0,2,4,28508,31
1564692313168499671,309,1564692313167132810,,0,0,1,0,2,4,28510,94
1564692313270245384,310,1564692313269195154,,0,0,1,0,2,4,28514,31
1564692313369892803,311,1564692313369231664,,0,0,1,0,2,4,28518,62
1564692313471575472,312,1564692313470975794,,0,0,1,0,2,4,28522,62
1564692313570600879,313,1564692313569102182,,0,0,1,0,2,4,28526,31
1564692313670408468,314,1564692313669213069,,0,0,1,0,2,4,28530,32
1564692313771419957,315,1564692313770881863,,0,0,1,0,2,4,28536,31
1564692313874411195,316,1564692313872993750,,0,0,1,0,2,4,28540,31
1564692313972274453,317,1564692313971219556,,0,0,1,0,2,4,28544,375
1564692314072775015,318,1564692314071112772,,0,0,1,0,2,4,28548,187
1564692314172784192,319,1564692314171221868,,0,0,1,0,2,4,28552,31
1564692314274003018,320,1564692314272978580,,0,0,1,0,2,4,28556,32
1564692314374129156,321,1564692314373218887,,0,0,1,0,2,4,28560,32
1564692314473597321,322,1564692314473248064,,0,0,1,0,2,4,28564,62
1564692314573655332,323,1564692314573243491,,0,0,1,0,2,4,28568,125
1564692314674859159,324,1564692314673265876,,0,0,1,0,2,4,28572,31
1564692314774471077,325,1564692314773118633,,0,0,1,0,2,4,28578,187
1564692314876578755,326,1564692314875258728,,0,0,1,0,2,4,28582,32
1564692314976038171,327,1564692314975209779,,0,0,1,0,2,4,28586,31
1564692315076260560,328,1564692315075245915,,0,0,1,0,2,4,28590,125
1564692315176738330,329,1564692315175241174,,0,0,1,0,2,4,28594,344
1564692315276610587,330,1564692315275409229,,0,0,1,0,2,4,28598,63
1564692315376445469,331,1564692315375132900,,0,0,1,0,2,4,28602,125
1564692315477935051,332,1564692315477265037,,0,0,1,0,2,4,28606,188
1564692315578489864,333,1564692315577642013,,0,0,1,0,2,4,28610,94
1564692315678613168,334,1564692315677262057,,0,0,1,0,2,4,28614,31
1564692315779009269,335,1564692315777402195,,0,0,1,0,2,4,28618,281
1564692315879187950,336,1564692315877466998,,0,0,1,0,2,4,28622,31
1564692315980087978,337,1564692315979419214,,0,0,1,0,2,4,28626,375
1564692316080126780,338,1564692316079253596,,0,0,1,0,2,4,28630,62
1564692316180379754,339,1564692316179270523,,0,0,1,0,2,4,28634,31
1564692316280335013,340,1564692316279142988,,0,0,1,0,2,4,28638,125
1564692316382021766,341,1564692316381030370,,0,0,1,0,2,4,28642,250
1564692316482784374,342,1564692316481342803,,0,0,1,0,2,4,28646,62
1564692316582630798,343,1564692316581304854,,0,0,1,0,2,4,28650,62
1564692316682290717,344,1564692316681274905,,0,0,1,0,2,4,28654,93
1564692316782792404,345,1564692316781271040,,0,0,1,0,2,4,28660,125
1564692316882710621,346,1564692316881251133,,0,0,1,0,2,4,28664,281
1564692316983479397,347,1564692316983035512,,0,0,1,0,2,4,28668,94
1564692317084331757,348,1564692317083297903,,0,0,1,0,2,4,28672,94
1564692317183794881,349,1564692317183429207,,0,0,1,0,2,4,28676,219
1564692317284142148,350,1564692317283271130,,0,0,1,0,2,4,28680,31
1564692317385903819,351,1564692317383134221,,0,0,1,0,2,4,28684,31
1564692317484506550,352,1564692317483319068,,0,0,1,0,2,4,28688,187
1564692317587115072,353,1564692317585277909,,0,0,1,0,2,4,28692,94
1564692317685705303,354,1564692317685300545,,0,0,1,0,2,4,28696,31
1564692317785611186,355,1564692317785276513,,0,0,1,0,2,4,28702,32
1564692317886408546,356,1564692317885280648,,0,0,1,0,2,4,28706,32
1564692317986608893,357,1564692317985305700,,0,0,1,0,2,4,28710,31
1564692318088639611,358,1564692318087345043,,0,0,1,0,2,4,28714,32
1564692318188291156,359,1564692318187329094,,0,0,1,0,2,4,28718,32
1564692318288686757,360,1564692318287630152,,0,0,1,0,2,4,28720,94
1564692318388383011,361,1564692318387303822,,0,0,1,0,2,4,28724,188
1564692318488690027,362,1564692318487333916,,0,0,1,0,2,4,28728,125
1564692318590400864,363,1564692318589173797,,0,0,1,0,2,4,28732,31
1564692318690483458,364,1564692318689315393,,0,0,1,0,2,4,28736,125
1564692318790414592,365,1564692318789301236,,0,0,1,0,2,4,28742,125
1564692318890865028,366,1564692318889206452,,0,0,1,0,2,4,28746,94
1564692318990518531,367,1564692318989328423,,0,0,1,0,2,4,28750,63
1564692319090789213,368,1564692319089340183,,0,0,1,0,2,4,28754,93
1564692319192630760,369,1564692319191319608,,0,0,1,0,2,4,28758,31
1564692319292710105,370,1564692319291637000,,0,0,1,0,2,4,28762,125
1564692319392484527,371,1564692319391328337,,0,0,1,0,2,4,28766,31
1564692319492438078,372,1564692319491223470,,0,0,1,0,2,4,28770,31
1564692319594034037,373,1564692319591401900,,0,0,1,0,2,4,28774,125
1564692319695831251,374,1564692319693473410,,0,0,1,0,2,4,28778,125
1564692319794638819,375,1564692319793361376,,0,0,1,0,2,4,28784,31
1564692319894413950,376,1564692319893351928,,0,0,1,0,2,4,28788,187
1564692319994744466,377,1564692319993299478,,0,0,1,0,2,4,28792,187
1564692320094398344,378,1564692320093349198,,0,0,1,0,2,4,28796,32
1564692320194647234,379,1564692320193387833,,0,0,1,0,2,4,28800,125
1564692320296453906,380,1564692320295500636,,0,0,1,0,2,4,28804,31
1564692320396208828,381,1564692320395487313,,0,0,1,0,2,4,28808,93
1564692320496329590,382,1564692320495478989,,0,0,1,0,2,4,28812,31
1564692320596529771,383,1564692320595502416,,0,0,1,0,2,4,28816,125
1564692320696547531,384,1564692320695379924,,0,0,1,0,2,4,28820,32
1564692320799058426,385,1564692320797391391,,0,0,1,0,2,4,28826,31
1564692320898468507,386,1564692320897366359,,0,0,1,0,2,4,28828,31
1564692320998257679,387,1564692320997373161,,0,0,1,0,2,4,28832,31
1564692321098643613,388,1564692321097241376,,0,0,1,0,2,4,28836,31
1564692321198464786,389,1564692321197497475,,0,0,1,0,2,4,28840,31
1564692321300578340,390,1564692321299406274,,0,0,1,0,2,4,28844,93
1564692321400899148,391,1564692321399382783,,0,0,1,0,2,4,28848,31
1564692321500127517,392,1564692321499496587,,0,0,1,0,2,4,28852,282
1564692321601215799,393,1564692321599476388,,0,0,1,0,2,4,28856,125
1564692321700397792,394,1564692321699242102,,0,0,1,0,2,4,28860,281
1564692321800341093,395,1564692321799252029,,0,0,1,0,2,4,28866,31
1564692321901711547,396,1564692321901390749,,0,0,1,0,2,4,28870,32
1564692322002697744,397,1564692322001515803,,0,0,1,0,2,4,28874,31
1564692322102554793,398,1564692322101402144,,0,0,1,0,2,4,28878,125
1564692322202806391,399,1564692322201427529,,0,0,1,0,2,4,28882,93
1564692322304066844,400,1564692322301462415,,0,0,1,0,2,4,28886,31
1564692322404336859,401,1564692322403392923,,0,0,1,0,2,4,28890,32
1564692322504575832,402,1564692322503390724,,0,0,1,0,2,4,28894,31
1564692322604719803,403,1564692322603561946,,0,0,1,0,2,4,28898,31
1564692322704587144,404,1564692322703407328,,0,0,1,0,2,4,28902,125
1564692322806437817,405,1564692322805295168,,0,0,1,0,2,4,28908,31
1564692322905641644,406,1564692322905131591,,0,0,1,0,2,4,28912,188
1564692323006661466,407,1564692323005428607,,0,0,1,0,2,4,28916,31
1564692323106728311,408,1564692323105435242,,0,0,1,0,2,4,28920,125
1564692323207712007,409,1564692323207186122,,0,0,1,0,2,4,28924,125
1564692323307133755,410,1564692323305411012,,0,0,1,0,2,4,28928,31
1564692323407996783,411,1564692323407178391,,0,0,1,0,2,4,28930,31
1564692323508458844,412,1564692323507515491,,0,0,1,0,2,4,28934,94
1564692323609709963,413,1564692323609170535,,0,0,1,0,2,4,28938,31
1564692323708333903,414,1564692323707448468,,0,0,1,0,2,4,28942,31
1564692323808899299,415,1564692323807423478,,0,0,1,0,2,4,28948,125
1564692323908562136,416,1564692323907334486,,0,0,1,0,2,4,28952,94
1564692324011673126,417,1564692324011051905,,0,0,1,0,2,4,28956,94
1564692324110718408,418,1564692324109529384,,0,0,1,0,2,4,28960,32
1564692324210881380,419,1564692324209466434,,0,0,1,0,2,4,28964,31
1564692324310888931,420,1564692324309474402,,0,0,1,0,2,4,28968,187
1564692324411888587,421,1564692324411250490,,0,0,1,0,2,4,28972,94
1564692324511760136,422,1564692324511199749,,0,0,1,0,2,4,28976,125
1564692324612518661,423,1564692324611450806,,0,0,1,0,2,4,28980,343
1564692324712587923,424,1564692324711441191,,0,0,1,0,2,4,28984,31
1564692324814009003,425,1564692324813201903,,0,0,1,0,2,4,28990,94
1564692324912411105,426,1564692324911459628,,0,0,1,0,2,4,28994,31
1564692325012804248,427,1564692325011311051,,0,0,1,0,2,4,28998,31
1564692325114709672,428,1564692325113485439,,0,0,1,0,2,4,29002,125
1564692325216384675,429,1564692325215224610,,0,0,1,0,2,4,29006,31
1564692325314818653,430,1564692325313474334,,0,0,1,0,2,4,29010,62
1564692325414893164,431,1564692325413493135,,0,0,1,0,2,4,29014,31
1564692325514692587,432,1564692325513521229,,0,0,1,0,2,4,29018,94
1564692325618342713,433,1564692325617207190,,0,0,1,0,2,4,29022,31
1564692325716649022,434,1564692325715478164,,0,0,1,0,2,4,29026,31
1564692325816413818,435,1564692325815449965,,0,0,1,0,2,4,29030,93
1564692325916859337,436,1564692325915434766,,0,0,1,0,2,4,29034,93
1564692326016771345,437,1564692326015512570,,0,0,1,0,2,4,29036,31
1564692326118104383,438,1564692326117200739,,0,0,1,0,2,4,29040,94
1564692326218829074,439,1564692326217637341,,0,0,1,0,2,4,29044,32
1564692326318955337,440,1564692326317636560,,0,0,1,0,2,4,29048,31
1564692326418964430,441,1564692326417474108,,0,0,1,0,2,4,29052,187
1564692326518589474,442,1564692326517468576,,0,0,1,0,2,4,29056,31
1564692326620128557,443,1564692326619229080,,0,0,1,0,2,4,29060,31
1564692326720628077,444,1564692326719502262,,0,0,1,0,2,4,29064,32
1564692326821477855,445,1564692326819667776,,0,0,1,0,2,4,29070,31
1564692326920759808,446,1564692326919489699,,0,0,1,0,2,4,29074,63
1564692327020374352,447,1564692327019350414,,0,0,1,0,2,4,29078,125
1564692327121262963,448,1564692327119534178,,0,0,1,0,2,4,29082,31
1564692327222959966,449,1564692327221674190,,0,0,1,0,2,4,29086,63
1564692327322088208,450,1564692327321509530,,0,0,1,0,2,4,29090,31
1564692327423602458,451,1564692327421542082,,0,0,1,0,2,4,29094,62
1564692327522758367,452,1564692327521461632,,0,0,1,0,2,4,29098,31
1564692327622574081,453,1564692327621381723,,0,0,1,0,2,4,29102,344
1564692327723748282,454,1564692327723292398,,0,0,1,0,2,4,29106,63
1564692327824553683,455,1564692327823524037,,0,0,1,0,2,4,29112,31
1564692327924572277,456,1564692327923532756,,0,0,1,0,2,4,29116,94
1564692328024761457,457,1564692328023509598,,0,0,1,0,2,4,29120,94
1564692328125093599,458,1564692328123419065,,0,0,1,0,2,4,29124,31
1564692328224956648,459,1564692328223519452,,0,0,1,0,2,4,29128,32
1564692328326622192,460,1564692328325539753,,0,0,1,0,2,4,29132,94
1564692328426651202,461,1564692328425525763,,0,0,1,0,2,4,29136,31
1564692328526774131,462,1564692328525511689,,0,0,1,0,2,4,29138,62
1564692328627158524,463,1564692328625598117,,0,0,1,0,2,4,29142,31
1564692328726454936,464,1564692328725523542,,0,0,1,0,2,4,29146,188
1564692328828928164,465,1564692328827533718,,0,0,1,0,2,4,29152,94
1564692328928087740,466,1564692328927649814,,0,0,1,0,2,4,29156,31
1564692329028424840,467,1564692329027525405,,0,0,1,0,2,4,29160,32
1564692329128863234,468,1564692329127551665,,0,0,1,0,2,4,29164,125
1564692329228704740,469,1564692329227537758,,0,0,1,0,2,4,29168,32
1564692329329771189,470,1564692329329414098,,0,0,1,0,2,4,29172,250
1564692329430684342,471,1564692329429543236,,0,0,1,0,2,4,29176,31
1564692329530447556,472,1564692329529663623,,0,0,1,0,2,4,29180,250
1564692329630827240,473,1564692329629550256,,0,0,1,0,2,4,29184,187
1564692329730859042,474,1564692329729427013,,0,0,1,0,2,4,29188,343
1564692329832245747,475,1564692329831304228,,0,0,1,0,2,4,29194,125
1564692329932415052,476,1564692329931549910,,0,0,1,0,2,4,29198,93
1564692330032527940,477,1564692330031556461,,0,0,1,0,2,4,29202,31
1564692330132910832,478,1564692330131859728,,0,0,1,0,2,4,29206,125
1564692330232573460,479,1564692330231541564,,0,0,1,0,2,4,29210,31
1564692330332661597,480,1564692330331445614,,0,0,1,0,2,4,29214,188
1564692330434683898,481,1564692330433675878,,0,0,1,0,2,4,29218,187
1564692330534663241,482,1564692330533585386,,0,0,1,0,2,4,29222,344
1564692330634621292,483,1564692330633559479,,0,0,1,0,2,4,29226,31
1564692330734697553,484,1564692330733462611,,0,0,1,0,2,4,29230,63
1564692330835034029,485,1564692330833569874,,0,0,1,0,2,4,29236,31
1564692330937155707,486,1564692330935591883,,0,0,1,0,2,4,29240,32
1564692331036219156,487,1564692331035577310,,0,0,1,0,2,4,29244,32
1564692331135896534,488,1564692331135562277,,0,0,1,0,2,4,29246,344
1564692331236918399,489,1564692331235557621,,0,0,1,0,2,4,29250,31
1564692331336599235,490,1564692331335579048,,0,0,1,0,2,4,29254,93
1564692331438332114,491,1564692331437323177,,0,0,1,0,2,4,29258,32
1564692331538734215,492,1564692331537586442,,0,0,1,0,2,4,29262,125
1564692331638785935,493,1564692331637599744,,0,0,1,0,2,4,29266,125
1564692331739624920,494,1564692331737702797,,0,0,1,0,2,4,29270,63
1564692331838858831,495,1564692331837566096,,0,0,1,0,2,4,29274,125
1564692331938774256,496,1564692331937456521,,0,0,1,0,2,4,29280,125
1564692332040703264,497,1564692332039801162,,0,0,1,0,2,4,29284,31
1564692332141819463,498,1564692332139628293,,0,0,1,0,2,4,29288,31
1564692332239966393,499,1564692332239609219,,0,0,1,0,2,4,29292,125
1564692332341557728,500,1564692332339671772,,0,0,1,0,2,4,29296,188
1564692332440539842,501,1564692332439591364,,0,0,1,0,2,4,29300,187
1564692332541781127,502,1564692332541373035,,0,0,1,0,2,4,29304,94
1564692332642536569,503,1564692332641790220,,0,0,1,0,2,4,29308,31
1564692332743004172,504,1564692332741732812,,0,0,1,0,2,4,29312,31
1564692332843287438,505,1564692332841585569,,0,0,1,0,2,4,29316,125
1564692332942066922,506,1564692332941610288,,0,0,1,0,2,4,29322,32
1564692333042660153,507,1564692333041629798,,0,0,1,0,2,4,29326,125
1564692333144670329,508,1564692333143609432,,0,0,1,0,2,4,29330,188
1564692333244815717,509,1564692333243652318,,0,0,1,0,2,4,29334,31
1564692333343943209,510,1564692333343625494,,0,0,1,0,2,4,29338,31
1564692333447403206,511,1564692333443530877,,0,0,1,0,2,4,29342,94
1564692333545092002,512,1564692333543621264,,0,0,1,0,2,4,29346,32
1564692333645948238,513,1564692333645627148,,0,0,1,0,2,4,29348,32
1564692333746268213,514,1564692333745520114,,0,0,1,0,2,4,29352,32
1564692333846331266,515,1564692333845763921,,0,0,1,0,2,4,29356,63
1564692333947005956,516,1564692333945619094,,0,0,1,0,2,4,29360,31
1564692334047024175,517,1564692334045653855,,0,0,1,0,2,4,29364,93
1564692334147770575,518,1564692334147381109,,0,0,1,0,2,4,29368,31
1564692334248730771,519,1564692334247713292,,0,0,1,0,2,4,29372,32
1564692334349217583,520,1564692334347646551,,0,0,1,0,2,4,29376,32
1564692334448762625,521,1564692334447497557,,0,0,1,0,2,4,29380,93
1564692334549684654,522,1564692334549281104,,0,0,1,0,2,4,29384,281
1564692334648851313,523,1564692334647636455,,0,0,1,0,2,4,29388,31
1564692334750483940,524,1564692334749765509,,0,0,1,0,2,4,29392,31
1564692334849996023,525,1564692334849658641,,0,0,1,0,2,4,29396,94
1564692334951779945,526,1564692334951392645,,0,0,1,0,2,4,29402,31
1564692335050883020,527,1564692335049521283,,0,0,1,0,2,4,29406,31
1564692335151311538,528,1564692335149679880,,0,0,1,0,2,4,29410,63
1564692335252725577,529,1564692335252034188,,0,0,1,0,2,4,29414,31
1564692335353832651,530,1564692335353323224,,0,0,1,0,2,4,29418,94
1564692335452795098,531,1564692335451674117,,0,0,1,0,2,4,29422,62
1564692335552706231,532,1564692335551490498,,0,0,1,0,2,4,29426,32
1564692335652923162,533,1564692335651540801,,0,0,1,0,2,4,29430,31
1564692335756385535,534,1564692335755329388,,0,0,1,0,2,4,29434,125
1564692335853965412,535,1564692335853670323,,0,0,1,0,2,4,29438,94
1564692335954348638,536,1564692335953711458,,0,0,1,0,2,4,29444,125
1564692336055019412,537,1564692336053828387,,0,0,1,0,2,4,29448,31
1564692336156677289,538,1564692336155423638,,0,0,1,0,2,4,29452,63
1564692336255237603,539,1564692336253759572,,0,0,1,0,2,4,29454,125
1564692336356669475,540,1564692336355792624,,0,0,1,0,2,4,29458,63
1564692336457585296,541,1564692336456638401,,0,0,1,0,2,4,29462,31
1564692336558234402,542,1564692336557321800,,0,0,1,0,2,4,29466,31
1564692336656554503,543,1564692336655660859,,0,0,1,0,2,4,29470,94
1564692336758480885,544,1564692336757682536,,0,0,1,0,2,4,29474,375
1564692336858910612,545,1564692336857710921,,0,0,1,0,2,4,29478,31
1564692336960599574,546,1564692336959575886,,0,0,1,0,2,4,29484,125
1564692337058071948,547,1564692337057588272,,0,0,1,0,2,4,29488,31
1564692337159272108,548,1564692337157707159,,0,0,1,0,2,4,29492,93
1564692337258659022,549,1564692337257685085,,0,0,1,0,2,4,29496,31
1564692337358720866,550,1564692337357697804,,0,0,1,0,2,4,29500,31
1564692337460495663,551,1564692337459681979,,0,0,1,0,2,4,29504,63
1564692337561037392,552,1564692337559719073,,0,0,1,0,2,4,29508,31
1564692337660917774,553,1564692337659693666,,0,0,1,0,2,4,29512,31
1564692337760960369,554,1564692337759705759,,0,0,1,0,2,4,29516,62
1564692337860618746,555,1564692337859692227,,0,0,1,0,2,4,29520,94
1564692337962079286,556,1564692337961721029,,0,0,1,0,2,4,29526,63
1564692338063131318,557,1564692338061744539,,0,0,1,0,2,4,29530,31
1564692338163345957,558,1564692338161852176,,0,0,1,0,2,4,29534,282
1564692338262747413,559,1564692338261715725,,0,0,1,0,2,4,29538,125
1564692338363155265,560,1564692338361596441,,0,0,1,0,2,4,29542,31
1564692338465121273,561,1564692338463841122,,0,0,1,0,2,4,29546,31
1564692338564971572,562,1564692338563761297,,0,0,1,0,2,4,29550,31
1564692338664904539,563,1564692338663753473,,0,0,1,0,2,4,29554,31
1564692338764495415,564,1564692338763703440,,0,0,1,0,2,4,29556,62
1564692338865354818,565,1564692338863759035,,0,0,1,0,2,4,29560,31
1564692338965061113,566,1564692338963597666,,0,0,1,0,2,4,29566,31
1564692339066529737,567,1564692339065867931,,0,0,1,0,2,4,29570,125
1564692339166760918,568,1564692339165881483,,0,0,1,0,2,4,29574,188
1564692339267297605,569,1564692339265743365,,0,0,1,0,2,4,29578,125
1564692339367421076,570,1564692339365891878,,0,0,1,0,2,4,29582,32
1564692339466682863,571,1564692339465615382,,0,0,1,0,2,4,29586,31
1564692339568290155,572,1564692339567881314,,0,0,1,0,2,4,29590,125
1564692339669085265,573,1564692339668185205,,0,0,1,0,2,4,29594,94
1564692339768835270,574,1564692339767771123,,0,0,1,0,2,4,29598,32
1564692339869548711,575,1564692339867648505,,0,0,1,0,2,4,29602,31
1564692339969094920,576,1564692339967763143,,0,0,1,0,2,4,29608,187
1564692340070680004,577,1564692340069781319,,0,0,1,0,2,4,29612,125
1564692340170835142,578,1564692340169761203,,0,0,1,0,2,4,29616,31
1564692340270306599,579,1564692340269900133,,0,0,1,0,2,4,29620,31
1564692340371241712,580,1564692340369603012,,0,0,1,0,2,4,29624,94
1564692340470071239,581,1564692340469733774,,0,0,1,0,2,4,29628,31
1564692340570893516,582,1564692340569647574,,0,0,1,0,2,4,29632,94
1564692340672637270,583,1564692340671730627,,0,0,1,0,2,4,29636,219
1564692340772982246,584,1564692340771806388,,0,0,1,0,2,4,29640,63
1564692340873346305,585,1564692340871849399,,0,0,1,0,2,4,29644,31
1564692340973262063,586,1564692340971620571,,0,0,1,0,2,4,29650,63
1564692341072921482,587,1564692341071804459,,0,0,1,0,2,4,29654,32
1564692341174263770,588,1564692341173794718,,0,0,1,0,2,4,29658,250
1564692341275131131,589,1564692341273801270,,0,0,1,0,2,4,29662,31
1564692341374615505,590,1564692341373912574,,0,0,1,0,2,4,29664,250
1564692341475423365,591,1564692341473793581,,0,0,1,0,2,4,29668,31
1564692341575119619,592,1564692341573758341,,0,0,1,0,2,4,29672,93
1564692341676862539,593,1564692341676365196,,0,0,1,0,2,4,29676,31
1564692341777214431,594,1564692341775827736,,0,0,1,0,2,4,29680,31
1564692341876642513,595,1564692341875920831,,0,0,1,0,2,4,29684,31
1564692341977137283,596,1564692341975804547,,0,0,1,0,2,4,29688,32
1564692342077103209,597,1564692342075807140,,0,0,1,0,2,4,29692,31
1564692342178416079,598,1564692342177461934,,0,0,1,0,2,4,29696,31
1564692342279134604,599,1564692342277801576,,0,0,1,0,2,4,29700,94
1564692342378228887,600,1564692342377814378,,0,0,1,0,2,4,29704,31
1564692342479358795,601,1564692342477688719,,0,0,1,0,2,4,29708,93
1564692342579389222,602,1564692342577691979,,0,0,1,0,2,4,29712,62
1564692342679051350,603,1564692342677800741,,0,0,1,0,2,4,29716,31
1564692342780909106,604,1564692342779817834,,0,0,1,0,2,4,29720,31
1564692342880691153,605,1564692342879911679,,0,0,1,0,2,4,29724,32
1564692342980884875,606,1564692342979999524,,0,0,1,0,2,4,29730,31
1564692343081149307,607,1564692343079803821,,0,0,1,0,2,4,29734,187
1564692343180729809,608,1564692343179669745,,0,0,1,0,2,4,29738,125
1564692343282885779,609,1564692343281823799,,0,0,1,0,2,4,29742,63
1564692343382905915,610,1564692343381827393,,0,0,1,0,2,4,29746,63
1564692343483224431,611,1564692343481841945,,0,0,1,0,2,4,29750,62
1564692343583075480,612,1564692343581828079,,0,0,1,0,2,4,29754,125
1564692343683000821,613,1564692343681699253,,0,0,1,0,2,4,29758,31
1564692343785758180,614,1564692343783590468,,0,0,1,0,2,4,29762,62
1564692343885575811,615,1564692343883718064,,0,0,1,0,2,4,29764,31
1564692343985084519,616,1564692343983967246,,0,0,1,0,2,4,29770,31
1564692344085117363,617,1564692344083894504,,0,0,1,0,2,4,29774,94
1564692344184740740,618,1564692344183847555,,0,0,1,0,2,4,29778,187
1564692344284947796,619,1564692344283819606,,0,0,1,0,2,4,29782,31
1564692344386848970,620,1564692344385838616,,0,0,1,0,2,4,29786,94
1564692344486321552,621,1564692344485977378,,0,0,1,0,2,4,29790,125
1564692344586804489,622,1564692344585854261,,0,0,1,0,2,4,29794,31
1564692344686914626,623,1564692344685965398,,0,0,1,0,2,4,29798,125
1564692344787093806,624,1564692344785730653,,0,0,1,0,2,4,29802,31
1564692344888803518,625,1564692344887862540,,0,0,1,0,2,4,29806,125
1564692344988972989,626,1564692344987993094,,0,0,1,0,2,4,29812,31
1564692345088776787,627,1564692345087889644,,0,0,1,0,2,4,29816,125
1564692345189154180,628,1564692345187879612,,0,0,1,0,2,4,29820,32
1564692345289531239,629,1564692345287920747,,0,0,1,0,2,4,29824,62
1564692345389907881,630,1564692345389583291,,0,0,1,0,2,4,29828,93
1564692345490246690,631,1564692345489884933,,0,0,1,0,2,4,29832,31
1564692345591056133,632,1564692345589881484,,0,0,1,0,2,4,29836,125
1564692345691131978,633,1564692345689887244,,0,0,1,0,2,4,29840,94
1564692345791190239,634,1564692345789718667,,0,0,1,0,2,4,29844,32
1564692345892686405,635,1564692345891831845,,0,0,1,0,2,4,29848,250
1564692345993131132,636,1564692345991883690,,0,0,1,0,2,4,29854,94
1564692346093493691,637,1564692346091892950,,0,0,1,0,2,4,29858,31
1564692346193765706,638,1564692346191907543,,0,0,1,0,2,4,29862,63
1564692346293995304,639,1564692346293610296,,0,0,1,0,2,4,29866,93
1564692346393101004,640,1564692346391880396,,0,0,1,0,2,4,29870,125
1564692346495449437,641,1564692346493907322,,0,0,1,0,2,4,29872,31
1564692346594973146,642,1564692346593926124,,0,0,1,0,2,4,29876,187
1564692346696316392,643,1564692346695772214,,0,0,1,0,2,4,29880,62
1564692346795111043,644,1564692346793888935,,0,0,1,0,2,4,29884,63
1564692346895154013,645,1564692346893796068,,0,0,1,0,2,4,29888,63
1564692346994780140,646,1564692346993882955,,0,0,1,0,2,4,29894,94
1564692347098330514,647,1564692347097595332,,0,0,1,0,2,4,29898,31
1564692347196869911,648,1564692347196023560,,0,0,1,0,2,4,29902,31
1564692347296728168,649,1564692347295875109,,0,0,1,0,2,4,29906,125
1564692347396450922,650,1564692347395887577,,0,0,1,0,2,4,29910,31
1564692347498233760,651,1564692347497541246,,0,0,1,0,2,4,29914,125
1564692347599287083,652,1564692347598148852,,0,0,1,0,2,4,29918,32
1564692347698745165,653,1564692347698260530,,0,0,1,0,2,4,29922,31
1564692347798670132,654,1564692347798032119,,0,0,1,0,2,4,29926,62
1564692347900756101,655,1564692347899664579,,0,0,1,0,2,4,29930,31
1564692347999100994,656,1564692347997911511,,0,0,1,0,2,4,29936,31
1564692348100011773,657,1564692348099669266,,0,0,1,0,2,4,29940,32
1564692348200409124,658,1564692348199920531,,0,0,1,0,2,4,29944,187
1564692348302872309,659,1564692348301658285,,0,0,1,0,2,4,29948,94
1564692348401499708,660,1564692348399969385,,0,0,1,0,2,4,29952,94
1564692348501321089,661,1564692348500010729,,0,0,1,0,2,4,29956,93
1564692348600515291,662,1564692348599916987,,0,0,1,0,2,4,29960,187
1564692348702734263,663,1564692348701934955,,0,0,1,0,2,4,29964,125
1564692348802991820,664,1564692348802051092,,0,0,1,0,2,4,29968,31
1564692348902907203,665,1564692348902070477,,0,0,1,0,2,4,29972,31
1564692349003541601,666,1564692349001814690,,0,0,1,0,2,4,29976,32
1564692349103219854,667,1564692349101804200,,0,0,1,0,2,4,29980,125
1564692349205290240,668,1564692349203995047,,0,0,1,0,2,4,29984,94
1564692349304755280,669,1564692349304069433,,0,0,1,0,2,4,29988,187
1564692349404709289,670,1564692349404089318,,0,0,1,0,2,4,29992,125
1564692349505383480,671,1564692349503812489,,0,0,1,0,2,4,29996,31
1564692349604514014,672,1564692349604058379,,0,0,1,0,2,4,30000,125
1564692349706090181,673,1564692349705589504,,0,0,1,0,2,4,30004,31
1564692349807553804,674,1564692349806249986,,0,0,1,0,2,4,30008,125
1564692349907145389,675,1564692349905965740,,0,0,1,0,2,4,30012,31
1564692350007233484,676,1564692350005844539,,0,0,1,0,2,4,30016,125
1564692350107629669,677,1564692350106033678,,0,0,1,0,2,4,30020,31
1564692350206627908,678,1564692350205936477,,0,0,1,0,2,4,30024,62
1564692350309025550,679,1564692350308070031,,0,0,1,0,2,4,30028,94
1564692350408925267,680,1564692350407996331,,0,0,1,0,2,4,30032,94
1564692350508700355,681,1564692350508084551,,0,0,1,0,2,4,30036,32
1564692350609081290,682,1564692350607797638,,0,0,1,0,2,4,30040,282
1564692350709600685,683,1564692350708059195,,0,0,1,0,2,4,30044,187
1564692350811174561,684,1564692350810116081,,0,0,1,0,2,4,30048,31
1564692350910437014,685,1564692350909990546,,0,0,1,0,2,4,30052,125
1564692351010809323,686,1564692351009988931,,0,0,1,0,2,4,30058,62
1564692351111231341,687,1564692351109866230,,0,0,1,0,2,4,30062,31
1564692351211359354,688,1564692351209984951,,0,0,1,0,2,4,30066,125
1564692351312905729,689,1564692351311869791,,0,0,1,0,2,4,30070,344
1564692351412277351,690,1564692351411978553,,0,0,1,0,2,4,30074,94
1564692351513061752,691,1564692351512167692,,0,0,1,0,2,4,30078,32
1564692351613421894,692,1564692351612012365,,0,0,1,0,2,4,30080,63
1564692351713264443,693,1564692351712224296,,0,0,1,0,2,4,30084,32
1564692351814088719,694,1564692351812191805,,0,0,1,0,2,4,30088,32
1564692351915179168,695,1564692351914015311,,0,0,1,0,2,4,30092,62
1564692352014473747,696,1564692352014015071,,0,0,1,0,2,4,30098,63
1564692352115545529,697,1564692352113984497,,0,0,1,0,2,4,30102,94
1564692352215505496,698,1564692352214003591,,0,0,1,0,2,4,30106,125
1564692352315172124,699,1564692352314020101,,0,0,1,0,2,4,30110,63
1564692352416851794,700,1564692352415883982,,0,0,1,0,2,4,30114,94
1564692352516438295,701,1564692352516021745,,0,0,1,0,2,4,30118,31
1564692352617555286,702,1564692352616045964,,0,0,1,0,2,4,30122,375
1564692352717043119,703,1564692352715888929,,0,0,1,0,2,4,30126,62
1564692352817214133,704,1564692352815926773,,0,0,1,0,2,4,30130,32
1564692352918490419,705,1564692352917750695,,0,0,1,0,2,4,30134,31
1564692353019565076,706,1564692353018151422,,0,0,1,0,2,4,30140,94
1564692353118858863,707,1564692353118033721,,0,0,1,0,2,4,30144,31
1564692353219004209,708,1564692353218030022,,0,0,1,0,2,4,30148,63
1564692353319007344,709,1564692353317912405,,0,0,1,0,2,4,30152,125
1564692353419343402,710,1564692353417931832,,0,0,1,0,2,4,30156,31
1564692353521016947,711,1564692353519999676,,0,0,1,0,2,4,30160,219
1564692353621497341,712,1564692353620142522,,0,0,1,0,2,4,30164,32
1564692353721454892,713,1564692353720050613,,0,0,1,0,2,4,30168,31
1564692353821162938,714,1564692353819918204,,0,0,1,0,2,4,30172,344
1564692353921747293,715,1564692353919999549,,0,0,1,0,2,4,30176,125
1564692354024079350,716,1564692354022037517,,0,0,1,0,2,4,30182,32
1564692354123285844,717,1564692354122047319,,0,0,1,0,2,4,30186,32
1564692354222973764,718,1564692354222027453,,0,0,1,0,2,4,30188,32
1564692354323148653,719,1564692354322052839,,0,0,1,0,2,4,30192,125
1564692354423140412,720,1564692354422055724,,0,0,1,0,2,4,30196,31
1564692354526379239,721,1564692354523865437,,0,0,1,0,2,4,30200,93
1564692354625340269,722,1564692354624151495,,0,0,1,0,2,4,30204,62
1564692354724925812,723,1564692354724033752,,0,0,1,0,2,4,30208,31
1564692354825441583,724,1564692354824098597,,0,0,1,0,2,4,30212,125
1564692354925248047,725,1564692354923902228,,0,0,1,0,2,4,30216,125
1564692355024861132,726,1564692355024050741,,0,0,1,0,2,4,30222,125
1564692355127011395,727,1564692355126230837,,0,0,1,0,2,4,30226,125
1564692355228032884,728,1564692355226146887,,0,0,1,0,2,4,30230,188
1564692355327065874,729,1564692355326074228,,0,0,1,0,2,4,30234,62
1564692355427192928,730,1564692355426068655,,0,0,1,0,2,4,30238,31
1564692355527361816,731,1564692355526223335,,0,0,1,0,2,4,30242,125
1564692355628191218,732,1564692355627824419,,0,0,1,0,2,4,30246,94
1564692355728618820,733,1564692355728210812,,0,0,1,0,2,4,30250,94
1564692355829070756,734,1564692355828067402,,0,0,1,0,2,4,30254,31
1564692355929389064,735,1564692355928078079,,0,0,1,0,2,4,30258,31
1564692356028504389,736,1564692356028099756,,0,0,1,0,2,4,30264,94
1564692356129645964,737,1564692356128247477,,0,0,1,0,2,4,30268,63
1564692356230694871,738,1564692356230080483,,0,0,1,0,2,4,30272,93
1564692356331078638,739,1564692356330087118,,0,0,1,0,2,4,30276,125
1564692356431097565,740,1564692356430089253,,0,0,1,0,2,4,30280,94
1564692356531137409,741,1564692356530104388,,0,0,1,0,2,4,30284,31
1564692356631387966,742,1564692356630094565,,0,0,1,0,2,4,30288,94
1564692356733205513,743,1564692356732105657,,0,0,1,0,2,4,30290,31
1564692356832787598,744,1564692356832179294,,0,0,1,0,2,4,30294,31
1564692356932739232,745,1564692356932096510,,0,0,1,0,2,4,30298,31
1564692357033215460,746,1564692357032267607,,0,0,1,0,2,4,30304,125
1564692357133033549,747,1564692357132095197,,0,0,1,0,2,4,30308,94
1564692357234376462,748,1564692357233966995,,0,0,1,0,2,4,30312,32
1564692357335216781,749,1564692357334112008,,0,0,1,0,2,4,30316,94
1564692357434955410,750,1564692357434124851,,0,0,1,0,2,4,30320,31
1564692357535607350,751,1564692357534353616,,0,0,1,0,2,4,30324,125
1564692357636367834,752,1564692357635974659,,0,0,1,0,2,4,30328,31
1564692357734946481,753,1564692357734101422,,0,0,1,0,2,4,30332,32
1564692357836919365,754,1564692357836110182,,0,0,1,0,2,4,30336,62
1564692357936923583,755,1564692357936114400,,0,0,1,0,2,4,30340,125
1564692358038870550,756,1564692358038002990,,0,0,1,0,2,4,30344,93
1564692358137025189,757,1564692358136124920,,0,0,1,0,2,4,30348,62
1564692358237332371,758,1564692358236122847,,0,0,1,0,2,4,30352,63
1564692358338404653,759,1564692358337789557,,0,0,1,0,2,4,30356,219
1564692358440596542,760,1564692358439769233,,0,0,1,0,2,4,30360,63
1564692358539323567,761,1564692358538157001,,0,0,1,0,2,4,30364,94
1564692358639605458,762,1564692358638233638,,0,0,1,0,2,4,30368,31
1564692358738984830,763,1564692358738351900,,0,0,1,0,2,4,30372,63
1564692358840069612,764,1564692358839765689,,0,0,1,0,2,4,30376,125
1564692358941208645,765,1564692358940165416,,0,0,1,0,2,4,30380,31
1564692359041399034,766,1564692359040133300,,0,0,1,0,2,4,30386,125
1564692359141389960,767,1564692359140290563,,0,0,1,0,2,4,30390,31
1564692359243113464,768,1564692359242035984,,0,0,1,0,2,4,30392,31
1564692359341691320,769,1564692359340170789,,0,0,1,0,2,4,30396,32
1564692359443377989,770,1564692359442228049,,0,0,1,0,2,4,30400,62
1564692359543262705,771,1564692359542209517,,0,0,1,0,2,4,30404,31
1564692359644659494,772,1564692359643892103,,0,0,1,0,2,4,30408,31
1564692359743424728,773,1564692359742214370,,0,0,1,0,2,4,30412,125
1564692359845071814,774,1564692359842270090,,0,0,1,0,2,4,30416,93
1564692359943609669,775,1564692359942035761,,0,0,1,0,2,4,30420,32
1564692360045401965,776,1564692360044283317,,0,0,1,0,2,4,30426,125
1564692360145244389,777,1564692360144177408,,0,0,1,0,2,4,30430,31
1564692360245649573,778,1564692360244237544,,0,0,1,0,2,4,30434,63
1564692360345272742,779,1564692360344167970,,0,0,1,0,2,4,30438,125
1564692360445537133,780,1564692360444216230,,0,0,1,0,2,4,30442,63
1564692360547389264,781,1564692360546231157,,0,0,1,0,2,4,30446,31
1564692360647422983,782,1564692360646256167,,0,0,1,0,2,4,30450,31
1564692360746923107,783,1564692360746254802,,0,0,1,0,2,4,30454,32
1564692360847980681,784,1564692360846341397,,0,0,1,0,2,4,30458,62
1564692360947607600,785,1564692360946211738,,0,0,1,0,2,4,30462,125
1564692361048911803,786,1564692361048194288,,0,0,1,0,2,4,30468,31
1564692361149087858,787,1564692361148191465,,0,0,1,0,2,4,30472,31
1564692361250107556,788,1564692361248686318,,0,0,1,0,2,4,30476,94
1564692361349193422,789,1564692361348198610,,0,0,1,0,2,4,30480,125
1564692361449561356,790,1564692361448328581,,0,0,1,0,2,4,30484,125
1564692361549630700,791,1564692361548201213,,0,0,1,0,2,4,30488,32
1564692361652053135,792,1564692361650532396,,0,0,1,0,2,4,30492,31
1564692361750931830,793,1564692361750217191,,0,0,1,0,2,4,30496,31
1564692361851187595,794,1564692361850234951,,0,0,1,0,2,4,30498,32
1564692361953488736,795,1564692361950101916,,0,0,1,0,2,4,30502,31
1564692362052152593,796,1564692362050229804,,0,0,1,0,2,4,30508,31
1564692362153380420,797,1564692362152383108,,0,0,1,0,2,4,30512,31
1564692362253261511,798,1564692362252220073,,0,0,1,0,2,4,30516,62
1564692362353274521,799,1564692362352209333,,0,0,1,0,2,4,30520,31
1564692362456083880,800,1564692362452067965,,0,0,1,0,2,4,30524,93
1564692362553387752,801,1564692362552197727,,0,0,1,0,2,4,30528,31
1564692362655530222,802,1564692362654353906,,0,0,1,0,2,4,30532,31
1564692362755656318,803,1564692362754339541,,0,0,1,0,2,4,30536,219
1564692362854893270,804,1564692362854285966,,0,0,1,0,2,4,30540,63
1564692362955462292,805,1564692362954287185,,0,0,1,0,2,4,30544,31
1564692363056859122,806,1564692363054339987,,0,0,1,0,2,4,30550,63
1564692363156765839,807,1564692363155961530,,0,0,1,0,2,4,30554,94
1564692363257474571,808,1564692363256246838,,0,0,1,0,2,4,30558,31
1564692363357462914,809,1564692363356328641,,0,0,1,0,2,4,30562,125
1564692363457160793,810,1564692363456217857,,0,0,1,0,2,4,30566,343
1564692363557268680,811,1564692363556214659,,0,0,1,0,2,4,30570,62
1564692363657173355,812,1564692363656221794,,0,0,1,0,2,4,30574,187
1564692363759337159,813,1564692363758143593,,0,0,1,0,2,4,30578,93
1564692363858985620,814,1564692363858246938,,0,0,1,0,2,4,30582,31
1564692363959230302,815,1564692363958373826,,0,0,1,0,2,4,30586,63
1564692364059745489,816,1564692364058447587,,0,0,1,0,2,4,30592,63
1564692364159934794,817,1564692364158241801,,0,0,1,0,2,4,30596,93
1564692364261197455,818,1564692364259998305,,0,0,1,0,2,4,30600,62
1564692364361260716,819,1564692364360262946,,0,0,1,0,2,4,30602,31
1564692364461703985,820,1564692364460305873,,0,0,1,0,2,4,30606,63
1564692364561077024,821,1564692364560155963,,0,0,1,0,2,4,30610,31
1564692364661963219,822,1564692364660235517,,0,0,1,0,2,4,30614,94
1564692364761329799,823,1564692364760269611,,0,0,1,0,2,4,30618,94
1564692364863321808,824,1564692364862291579,,0,0,1,0,2,4,30622,94
1564692364963731326,825,1564692364962414966,,0,0,1,0,2,4,30626,31
1564692365063608584,826,1564692365062391600,,0,0,1,0,2,4,30632,31
1564692365163890558,827,1564692365162279858,,0,0,1,0,2,4,30636,63
1564692365264199824,828,1564692365262138865,,0,0,1,0,2,4,30640,93
1564692365365177146,829,1564692365364267127,,0,0,1,0,2,4,30644,62
1564692365464555309,830,1564692365464264928,,0,0,1,0,2,4,30648,31
1564692365565715051,831,1564692365564434858,,0,0,1,0,2,4,30652,94
1564692365665367596,832,1564692365664299699,,0,0,1,0,2,4,30656,31
1564692365765867033,833,1564692365764294625,,0,0,1,0,2,4,30660,63
1564692365866640600,834,1564692365865949253,,0,0,1,0,2,4,30664,188
1564692365967515128,835,1564692365966319687,,0,0,1,0,2,4,30668,63
1564692366067522138,836,1564692366066303321,,0,0,1,0,2,4,30674,93
1564692366167680276,837,1564692366166456168,,0,0,1,0,2,4,30678,62
1564692366267538908,838,1564692366266324800,,0,0,1,0,2,4,30682,62
1564692366367696921,839,1564692366366231641,,0,0,1,0,2,4,30686,32
1564692366468947498,840,1564692366468308402,,0,0,1,0,2,4,30690,32
1564692366569421393,841,1564692366568442415,,0,0,1,0,2,4,30694,125
1564692366669317776,842,1564692366668282880,,0,0,1,0,2,4,30698,31
1564692366769862172,843,1564692366768322349,,0,0,1,0,2,4,30702,63
1564692366869539300,844,1564692366868321067,,0,0,1,0,2,4,30706,32
1564692366971825149,845,1564692366970325326,,0,0,1,0,2,4,30708,94
1564692367071014684,846,1564692367070328420,,0,0,1,0,2,4,30714,94
1564692367171809252,847,1564692367170329096,,0,0,1,0,2,4,30718,125
1564692367272054475,848,1564692367270342648,,0,0,1,0,2,4,30722,31
1564692367372026234,849,1564692367370560079,,0,0,1,0,2,4,30726,31
1564692367472935429,850,1564692367471968576,,0,0,1,0,2,4,30730,187
1564692367573539285,851,1564692367572323927,,0,0,1,0,2,4,30734,31
1564692367673768758,852,1564692367672356187,,0,0,1,0,2,4,30738,125
1564692367772696871,853,1564692367772332530,,0,0,1,0,2,4,30742,188
1564692367873543731,854,1564692367872202162,,0,0,1,0,2,4,30746,31
1564692367973593076,855,1564692367972345842,,0,0,1,0,2,4,30750,31
1564692368075187202,856,1564692368074343601,,0,0,1,0,2,4,30756,125
1564692368175246838,857,1564692368174228150,,0,0,1,0,2,4,30760,31
1564692368275520603,858,1564692368274385538,,0,0,1,0,2,4,30764,62
1564692368375699450,859,1564692368374359714,,0,0,1,0,2,4,30768,94
1564692368476258763,860,1564692368474336015,,0,0,1,0,2,4,30772,94
1564692368577263794,861,1564692368576373775,,0,0,1,0,2,4,30776,63
1564692368677736855,862,1564692368676656041,,0,0,1,0,2,4,30780,31
1564692368777504027,863,1564692368776371795,,0,0,1,0,2,4,30784,62
1564692368877125654,864,1564692368876337513,,0,0,1,0,2,4,30788,187
1564692368978644987,865,1564692368978233103,,0,0,1,0,2,4,30792,94
1564692369077408429,866,1564692369076230905,,0,0,1,0,2,4,30798,31
1564692369179073015,867,1564692369178369417,,0,0,1,0,2,4,30802,32
1564692369280052420,868,1564692369278349594,,0,0,1,0,2,4,30806,63
1564692369380504439,869,1564692369380109348,,0,0,1,0,2,4,30810,62
1564692369480008397,870,1564692369478327696,,0,0,1,0,2,4,30812,62
1564692369580446333,871,1564692369578736215,,0,0,1,0,2,4,30816,63
1564692369681339111,872,1564692369680377341,,0,0,1,0,2,4,30820,125
1564692369782738650,873,1564692369782136429,,0,0,1,0,2,4,30824,250
1564692369881020124,874,1564692369880377736,,0,0,1,0,2,4,30828,32
1564692369981354183,875,1564692369980493249,,0,0,1,0,2,4,30832,32
