%time,field.header.seq,field.header.stamp,field.header.frame_id,field.refStationId,field.relPosNED0,field.relPosNED1,field.relPosNED2,field.relPosLength,field.relPosHeading,field.relPosHPNED0,field.relPosHPNED1,field.relPosHPNED2,field.relPosHPLength,field.accNED0,field.accNED1,field.accNED2,field.accLength,field.accHeading,field.flags
1576082905191727355,1,1576082905191307480,,0,1.6,-0.84,-2.71,3.25,5.79886062854,0.0008,-0.0022,-0.0001,0.0084,0.4979,0.4035,0.9626,0.8436,0,263
1576082905289249855,2,1576082905289062438,,0,1.53,-0.8,-2.66,3.17,5.80299810607,0.0097,-0.002,-0.0026,0.0085,0.4746,0.3858,0.9246,0.8137,0,263
1576082905394681272,3,1576082905394187355,,0,1.48,-0.76,-2.61,3.1,5.80622696518,0.0079,-0.0089,-0.0088,0.0086,0.4545,0.3701,0.8915,0.7872,0,263
1576082905487474480,4,1576082905487179147,,0,1.43,-0.73,-2.59,3.05,5.811378479,0.0091,-0.0043,-0.0058,0.0075,0.4366,0.3567,0.8626,0.7655,0,263
1576082905591233397,5,1576082905591062813,,0,1.41,-0.7,-2.51,2.97,5.81938500241,0.001,-0.0058,-0.0098,0.0029,0.4202,0.3442,0.8327,0.738,0,263
1576082905684214272,6,1576082905684048230,,0,1.4,-0.65,-2.48,2.92,5.8460892381,0.0062,-0.007,-0.003,0.0082,0.4061,0.334,0.8076,0.716,0,263
1576082905793418980,7,1576082905793154897,,0,1.4,-0.62,-2.46,2.9,5.86770758435,0.0072,-0.0008,-0.0051,0.0055,0.3936,0.3248,0.785,0.6962,0,263
1576082905898550522,8,1576082905898172980,,0,1.4,-0.58,-2.45,2.89,5.88788777929,0.0068,-0.007,-0.0055,0.0002,0.3822,0.3164,0.7643,0.6785,0,263
1576082905994638063,9,1576082905994178688,,0,1.4,-0.55,-2.44,2.87,5.90650485736,0.0088,-0.0073,-0.0063,0.0074,0.3718,0.3087,0.7454,0.6621,0,263
1576082906094241063,10,1576082906094052855,,0,1.4,-0.53,-2.45,2.87,5.92177020513,0.005,-0.0011,-0.0068,0.0096,0.3627,0.3016,0.7296,0.6495,0,263
1576082906194210272,11,1576082906194041188,,0,1.38,-0.51,-2.47,2.88,5.92422134553,0.0033,-0.009,-0.0056,0.003,0.3537,0.2947,0.7146,0.6389,0,263
1576082906293528730,12,1576082906293180730,,0,1.36,-0.5,-2.48,2.88,5.92744461959,0.0034,-0.0066,-0.007,0.001,0.3454,0.2882,0.7005,0.6285,0,263
1576082906387234938,13,1576082906387053688,,0,1.35,-0.49,-2.48,2.86,5.93059738235,0.0009,-0.0071,-0.0006,0.008,0.3374,0.282,0.6855,0.6158,0,263
1576082906493272980,14,1576082906493067980,,0,1.33,-0.48,-2.47,2.85,5.9336684637,0.0086,-0.0079,-0.0039,0.0048,0.33,0.2762,0.6713,0.6038,0,263
1576082906594607564,15,1576082906594169605,,0,1.33,-0.48,-2.46,2.84,5.93669556276,0.0017,-0.0008,-0.0033,0.0012,0.323,0.2707,0.658,0.592,0,263
1576082906693489147,16,1576082906693135105,,0,1.32,-0.47,-2.45,2.82,5.93856934824,0.0039,-0.0052,-0.0047,0.0092,0.3164,0.2655,0.6454,0.5809,0,263
1576082906792212272,17,1576082906792043147,,0,1.31,-0.46,-2.44,2.81,5.94282934788,0.0067,-0.0063,-0.005,0.0058,0.3103,0.2606,0.6335,0.5705,0,263
1576082906900588355,18,1576082906900175730,,0,1.31,-0.46,-2.42,2.79,5.94268343835,0.0014,-0.0046,-0.0086,0.0089,0.3044,0.2559,0.6219,0.5598,0,263
1576082906993595189,19,1576082906993223147,,0,1.3,-0.45,-2.41,2.77,5.94400151101,0.0023,-0.0095,-0.0024,0.0097,0.2988,0.2513,0.6107,0.5498,0,263
1576082907093241605,20,1576082907093050605,,0,1.29,-0.45,-2.39,2.76,5.94409296626,0.0031,-0.0061,-0.0069,0.0014,0.2936,0.247,0.6002,0.5404,0,263
1576082907195519814,21,1576082907195169147,,0,1.28,-0.45,-2.38,2.74,5.94615943609,0.0063,-0.0007,-0.001,0.0036,0.2886,0.2429,0.5903,0.5314,0,263
1576082907287544980,22,1576082907287168980,,0,1.28,-0.44,-2.36,2.72,5.94743980963,0.0006,-0.0069,-0.0047,0.0061,0.2839,0.239,0.5808,0.5227,0,263
1576082907393213022,23,1576082907393038939,,0,1.27,-0.44,-2.35,2.71,5.9505311368,0.0051,-0.0005,-0.0008,0.0004,0.2794,0.2353,0.5718,0.5145,0,263
1576082907495239397,24,1576082907495052272,,0,1.27,-0.43,-2.33,2.69,5.95661954337,0.0033,-0.0013,-0.0082,0.0071,0.2751,0.2318,0.5632,0.5066,0,263
1576082907593501772,25,1576082907593176980,,0,1.27,-0.41,-2.32,2.68,5.96695259067,0.0025,-0.0064,-0.0069,0.0046,0.271,0.2285,0.5551,0.4993,0,263
1576082907693230272,26,1576082907693046189,,0,1.26,-0.38,-2.32,2.67,5.98539094702,0.0083,-0.0093,-0.0013,0.0037,0.2671,0.2253,0.5473,0.4928,0,263
1576082907794491272,27,1576082907794142022,,0,1.26,-0.36,-2.31,2.66,6.00401989332,0.0032,-0.0021,-0.0072,0.0039,0.2633,0.2222,0.5398,0.4868,0,263
1576082907901405147,28,1576082907901153772,,0,1.26,-0.33,-2.3,2.64,6.02634614511,0.0021,-0.0015,-0.003,0.007,0.2597,0.2193,0.5326,0.4804,0,263
1576082907995544980,29,1576082907995182647,,0,1.26,-0.29,-2.27,2.62,6.05019153149,0.0031,-0.0097,-0.0087,0.0025,0.2563,0.2165,0.5263,0.4743,0,263
1576082908094527272,30,1576082908094185980,,0,1.25,-0.26,-2.26,2.59,6.07693486255,0.0044,-0.0025,-0.0004,0.0084,0.253,0.2139,0.5206,0.4696,0,263
1576082908190247522,31,1576082908190056147,,0,1.26,-0.21,-2.22,2.56,6.11510870395,0.0003,-0.0038,-0.0091,0.0096,0.25,0.2116,0.5156,0.4642,0,263
1576082908294214272,32,1576082908294039355,,0,1.26,-0.16,-2.2,2.54,6.15488894639,0.001,-0.0027,0.0,0.001,0.2471,0.2091,0.5101,0.4585,0,263
1576082908394397147,33,1576082908394092605,,0,1.25,-0.11,-2.17,2.51,6.19161556078,0.008,-0.0055,-0.0063,0.0064,0.2441,0.2066,0.5045,0.4531,0,263
1576082908495604564,34,1576082908495171897,,0,2.7,-0.56,-0.65,2.83,6.07749546231,0.0046,-0.0043,-0.0059,0.0096,0.01,0.01,0.01,0.01,0,279
1576082908591237772,35,1576082908591061439,,0,2.7,-0.54,-0.64,2.82,6.08566220694,0.0005,-0.0005,-0.0088,0.0095,0.01,0.01,0.01,0.01,0,279
1576082908694490314,36,1576082908694162480,,0,2.69,-0.52,-0.65,2.82,6.09055890269,0.0097,-0.0066,-0.0026,0.0069,0.01,0.01,0.01,0.01,0,279
1576082908792523897,37,1576082908792172897,,0,2.69,-0.52,-0.65,2.82,6.09203126245,0.0099,-0.0025,-0.0043,0.0068,0.01,0.01,0.01,0.01,0,279
1576082908886514439,38,1576082908886163897,,0,2.7,-0.52,-0.65,2.82,6.09068317013,0.0008,-0.0064,-0.0033,0.0081,0.01,0.01,0.01,0.01,0,279
1576082908995526564,39,1576082908995211064,,0,2.69,-0.52,-0.65,2.82,6.09001715249,0.01,-0.0081,-0.0079,0.0087,0.01,0.01,0.01,0.01,0,279
1576082909088609147,40,1576082909088171480,,0,2.7,-0.53,-0.65,2.83,6.08689859818,0.0006,-0.007,-0.004,0.0,0.01,0.01,0.01,0.01,0,279
1576082909194294814,41,1576082909194085314,,0,2.7,-0.54,-0.65,2.83,6.08279009312,0.0058,-0.0096,-0.0019,0.0069,0.01,0.01,0.01,0.01,0,279
1576082909286490689,42,1576082909286197772,,0,2.7,-0.57,-0.65,2.84,6.07535429238,0.0081,-0.0011,-0.0005,0.0031,0.01,0.01,0.01,0.01,0,279
1576082909394576272,43,1576082909394240439,,0,2.71,-0.59,-0.65,2.85,6.06776839332,0.0016,-0.0033,-0.0003,0.0009,0.01,0.01,0.01,0.01,0,279
1576082909493356647,44,1576082909493072272,,0,2.71,-0.61,-0.65,2.86,6.05938034093,0.0071,-0.0085,-0.0051,0.0026,0.01,0.01,0.01,0.01,0,279
1576082909594470772,45,1576082909594173689,,0,2.72,-0.64,-0.65,2.87,6.04913176757,0.0005,-0.0086,-0.0055,0.0025,0.01,0.01,0.01,0.01,0,279
1576082909693201731,46,1576082909693038022,,0,2.72,-0.68,-0.65,2.88,6.03806987077,0.0091,-0.0027,-0.0054,0.0085,0.01,0.01,0.01,0.01,0,279
1576082909792209564,47,1576082909792042522,,0,2.73,-0.72,-0.65,2.9,6.02502039301,0.0061,-0.0025,-0.0045,0.0046,0.01,0.01,0.01,0.01,0,279
1576082909900235689,48,1576082909900047439,,0,2.74,-0.76,-0.66,2.92,6.00969779845,0.001,-0.0089,-0.0074,0.004,0.01,0.01,0.01,0.01,0,279
1576082909992283147,49,1576082909992085314,,0,2.75,-0.81,-0.67,2.94,5.9948932176,0.0009,-0.0058,-0.0015,0.0069,0.01,0.01,0.01,0.01,0,279
1576082910094590272,50,1576082910094161689,,0,2.76,-0.86,-0.65,2.97,5.97932488067,0.0076,-0.0078,-0.0097,0.0045,0.01,0.01,0.01,0.01,0,279
1576082910197580856,51,1576082910197167731,,0,2.77,-0.91,-0.67,2.99,5.96458941486,0.0027,-0.0045,-0.005,0.0066,0.01,0.01,0.01,0.01,0,279
1576082910295501981,52,1576082910295147939,,0,2.78,-0.97,-0.67,3.02,5.94652804963,0.0044,-0.0045,-0.0074,0.0068,0.01,0.01,0.01,0.01,0,279
1576082910392489981,53,1576082910392186522,,0,2.8,-1.03,-0.67,3.06,5.92881993904,0.003,-0.0071,0.0,0.0029,0.01,0.01,0.01,0.01,0,279
1576082910493492939,54,1576082910493207272,,0,2.8,-1.1,-0.68,3.09,5.90898043237,0.0082,-0.0028,-0.0012,0.003,0.01,0.01,0.01,0.01,0,279
1576082910586251522,55,1576082910586068189,,0,2.81,-1.17,-0.68,3.13,5.88674423956,0.0089,-0.01,-0.0022,0.0011,0.01,0.01,0.01,0.01,0,279
1576082910688520772,56,1576082910688161064,,0,2.82,-1.25,-0.68,3.16,5.86420435947,0.0016,-0.0066,-0.0015,0.0031,0.01,0.01,0.01,0.01,0,279
1576082910793498064,57,1576082910793203272,,0,2.82,-1.35,-0.69,3.2,5.83637508455,0.004,-0.0031,-0.0009,0.0067,0.01,0.01,0.01,0.01,0,279
1576082910893217356,58,1576082910893057689,,0,2.82,-1.44,-0.69,3.25,5.81034489502,0.0093,-0.0073,-0.0078,0.0037,0.01,0.01,0.01,0.01,0,279
1576082910996260397,59,1576082910996054481,,0,2.84,-1.55,-0.68,3.31,5.78260253749,0.001,-0.0042,-0.0087,0.0008,0.01,0.01,0.01,0.01,0,279
1576082911095254022,60,1576082911095058147,,0,2.84,-1.65,-0.69,3.36,5.75547767746,0.008,-0.0099,-0.0091,0.0098,0.01,0.01,0.01,0.01,0,279
1576082911196315564,61,1576082911196094356,,0,2.85,-1.77,-0.69,3.43,5.7263352168,0.0022,-0.0057,-0.0033,0.0006,0.01,0.01,0.01,0.01,0,279
1576082911295505772,62,1576082911295194689,,0,2.85,-1.9,-0.69,3.5,5.69615637964,0.0076,-0.001,-0.0085,0.0025,0.01,0.01,0.01,0.01,0,279
1576082911395522981,63,1576082911395193106,,0,2.86,-2.02,-0.7,3.58,5.66693886983,0.0048,-0.009,-0.0077,0.0012,0.01,0.01,0.01,0.01,0,279
1576082911495228147,64,1576082911495063814,,0,2.86,-2.15,-0.7,3.65,5.63731714177,0.0055,-0.0098,-0.004,0.0067,0.01,0.01,0.01,0.01,0,279
1576082911593427939,65,1576082911593175731,,0,2.86,-2.29,-0.71,3.73,5.60867908127,0.0058,-0.0016,-0.0046,0.0083,0.01,0.01,0.01,0.01,0,279
1576082911694526314,66,1576082911694158231,,0,2.86,-2.43,-0.71,3.82,5.57978306111,0.0052,-0.0001,-0.0097,0.0053,0.01,0.01,0.01,0.01,0,279
1576082911787549231,67,1576082911787174189,,0,2.86,-2.56,-0.72,3.9,5.55373681455,0.0048,-0.0009,-0.0006,0.0095,0.01,0.01,0.01,0.01,0,279
1576082911900223064,68,1576082911900044522,,0,2.86,-2.69,-0.72,4.0,5.52939784906,0.0099,-0.0039,-0.0038,0.0022,0.01,0.01,0.01,0.01,0,279
1576082911997232189,69,1576082911997044647,,0,2.87,-2.81,-0.72,4.08,5.50663840655,0.0002,-0.0099,-0.0017,0.0079,0.01,0.01,0.01,0.01,0,279
1576082912094261231,70,1576082912094060731,,0,2.86,-2.95,-0.71,4.18,5.48233295139,0.0099,-0.01,-0.0088,0.005,0.01,0.01,0.01,0.01,0,279
1576082912194234606,71,1576082912194046314,,0,2.87,-3.1,-0.72,4.29,5.45866942832,0.0044,-0.0086,-0.0011,0.0049,0.01,0.01,0.01,0.01,0,279
1576082912295515064,72,1576082912295169439,,0,2.87,-3.25,-0.72,4.4,5.43497902719,0.0008,-0.0061,-0.0061,0.0013,0.01,0.01,0.01,0.01,0,279
1576082912395215106,73,1576082912395045606,,0,2.87,-3.4,-0.72,4.51,5.41339035154,0.0049,-0.0062,-0.0099,0.0066,0.01,0.01,0.01,0.01,0,279
1576082912493486523,74,1576082912493182773,,0,2.87,-3.56,-0.72,4.63,5.39182645956,0.0078,-0.0028,-0.0094,0.0076,0.01,0.01,0.01,0.01,0,279
1576082912594475731,75,1576082912594190939,,0,2.88,-3.71,-0.72,4.76,5.37269695283,0.0073,-0.0079,-0.0025,0.0025,0.01,0.01,0.01,0.01,0,279
1576082912686563439,76,1576082912686170606,,0,2.89,-3.88,-0.72,4.89,5.35267139406,0.001,-0.0006,-0.0099,0.0038,0.01,0.01,0.01,0.01,0,279
1576082912792493356,77,1576082912792193564,,0,2.89,-4.04,-0.73,5.03,5.33410807214,0.0093,-0.0065,-0.0037,0.0017,0.01,0.01,0.01,0.01,0,279
1576082912897481231,78,1576082912897194064,,0,2.9,-4.21,-0.73,5.16,5.31638181012,0.0055,-0.0008,-0.0056,0.0086,0.01,0.01,0.01,0.01,0,279
1576082912997514439,79,1576082912997191439,,0,2.9,-4.37,-0.73,5.3,5.29908140844,0.0074,-0.0036,-0.0039,0.0028,0.01,0.01,0.01,0.01,0,279
1576082913093610273,80,1576082913093161439,,0,2.9,-4.53,-0.73,5.43,5.28266937935,0.0083,-0.0046,-0.0048,0.007,0.01,0.01,0.01,0.01,0,279
1576082913193275731,81,1576082913193077523,,0,2.9,-4.7,-0.74,5.57,5.26659559508,0.0096,-0.0013,-0.0009,0.0082,0.01,0.01,0.01,0.01,0,279
1576082913297284273,82,1576082913297081189,,0,2.89,-4.86,-0.73,5.71,5.24973990329,0.0088,-0.005,-0.0073,0.0009,0.01,0.01,0.01,0.01,0,279
1576082913394264189,83,1576082913394063689,,0,2.89,-5.02,-0.73,5.84,5.23474228903,0.0045,-0.0079,-0.0093,0.0084,0.01,0.01,0.01,0.01,0,279
1576082913491491856,84,1576082913491183898,,0,2.89,-5.19,-0.73,5.98,5.22081002374,0.0034,-0.0019,-0.0049,0.009,0.01,0.01,0.01,0.01,0,279
1576082913588522314,85,1576082913588168981,,0,2.88,-5.36,-0.73,6.13,5.20665191285,0.0093,-0.0018,-0.0066,0.0051,0.01,0.01,0.01,0.01,0,279
1576082913692209106,86,1576082913692039481,,0,2.88,-5.52,-0.73,6.27,5.19372460815,0.0061,-0.0057,-0.0049,0.0072,0.01,0.01,0.01,0.01,0,279
1576082913793570148,87,1576082913793162106,,0,2.88,-5.68,-0.73,6.42,5.18244070547,0.0098,-0.0082,-0.0048,0.0024,0.01,0.01,0.01,0.01,0,279
1576082913901538689,88,1576082913901176523,,0,2.89,-5.85,-0.74,6.56,5.17162943795,0.0029,-0.0001,-0.0011,0.0083,0.01,0.01,0.01,0.01,0,279
1576082913993262564,89,1576082913993054189,,0,2.89,-6.0,-0.73,6.7,5.16188212314,0.0071,-0.0052,-0.0005,0.0074,0.01,0.01,0.01,0.01,0,279
1576082914094501273,90,1576082914094211023,,0,2.9,-6.15,-0.72,6.84,5.15266050151,0.0001,-0.0059,-0.0081,0.0037,0.01,0.01,0.01,0.01,0,279
1576082914195374398,91,1576082914195162356,,0,2.9,-6.31,-0.72,6.98,5.14325527123,0.001,-0.0012,-0.0066,0.0039,0.01,0.01,0.01,0.01,0,279
1576082914294459231,92,1576082914294131814,,0,2.9,-6.47,-0.72,7.13,5.13383956898,0.0039,-0.0073,-0.0074,0.0056,0.01,0.01,0.01,0.01,0,279
1576082914395498648,93,1576082914395186148,,0,2.9,-6.65,-0.72,7.29,5.12425631513,0.0053,-0.0006,-0.0045,0.0036,0.01,0.01,0.01,0.01,0,279
1576082914488255731,94,1576082914488057606,,0,2.9,-6.81,-0.73,7.44,5.11501305141,0.004,-0.0086,-0.0083,0.0079,0.01,0.01,0.01,0.01,0,279
1576082914593214273,95,1576082914593042398,,0,2.9,-6.98,-0.73,7.6,5.10676741789,0.0068,-0.0046,-0.0099,0.0014,0.01,0.01,0.01,0.01,0,279
1576082914693264523,96,1576082914693067023,,0,2.91,-7.15,-0.73,7.76,5.09882861325,0.0019,-0.0063,-0.0055,0.0009,0.01,0.01,0.01,0.01,0,279
1576082914784238898,97,1576082914784052814,,0,2.92,-7.32,-0.73,7.92,5.09219356957,0.0043,-0.0056,-0.0066,0.002,0.01,0.01,0.01,0.01,0,279
1576082914899274064,98,1576082914899071939,,0,2.92,-7.48,-0.73,8.07,5.08451900778,0.0023,-0.007,-0.0055,0.0007,0.01,0.01,0.01,0.01,0,279
1576082914995258481,99,1576082914995061773,,0,2.92,-7.65,-0.73,8.22,5.07773526205,0.0068,-0.0014,-0.0053,0.005,0.01,0.01,0.01,0.01,0,279
1576082915094552273,100,1576082915094152148,,0,2.92,-7.81,-0.73,8.37,5.07052007092,0.0058,-0.0074,-0.0018,0.009,0.01,0.01,0.01,0.01,0,279
1576082915194544648,101,1576082915194145231,,0,2.92,-7.98,-0.73,8.53,5.06319597125,0.0018,-0.0044,-0.0093,0.0043,0.01,0.01,0.01,0.01,0,279
1576082915295250940,102,1576082915295060065,,0,2.91,-8.15,-0.73,8.68,5.05622372995,0.0088,-0.0017,-0.0067,0.0097,0.01,0.01,0.01,0.01,0,279
1576082915387483856,103,1576082915387190148,,0,2.9,-8.31,-0.73,8.84,5.04872823894,0.008,-0.0076,-0.0057,0.002,0.01,0.01,0.01,0.01,0,279
1576082915483404190,104,1576082915483169981,,0,2.9,-8.48,-0.74,8.99,5.04285520601,0.0099,-0.0026,-0.0009,0.0084,0.01,0.01,0.01,0.01,0,279
1576082915594479106,105,1576082915594177065,,0,2.9,-8.64,-0.73,9.14,5.03673433632,0.0059,-0.003,-0.0056,0.008,0.01,0.01,0.01,0.01,0,279
1576082915693492148,106,1576082915693136315,,0,2.9,-8.8,-0.74,9.3,5.03086619031,0.0039,-0.0077,-0.0018,0.0037,0.01,0.01,0.01,0.01,0,279
1576082915792244023,107,1576082915792055148,,0,2.89,-8.97,-0.73,9.46,5.02453239046,0.0067,-0.0066,-0.0099,0.0014,0.01,0.01,0.01,0.01,0,279
1576082915900283565,108,1576082915900076606,,0,2.89,-9.13,-0.73,9.61,5.01889323164,0.0022,-0.0087,-0.0095,0.0039,0.01,0.01,0.01,0.01,0,279
1576082915994606773,109,1576082915994149815,,0,2.88,-9.3,-0.73,9.77,5.01309978573,0.0068,-0.0088,-0.0066,0.004,0.01,0.01,0.01,0.01,0,279
1576082916093256315,110,1576082916093053190,,0,2.87,-9.47,-0.73,9.92,5.00750809987,0.0097,-0.0027,-0.0081,0.0082,0.01,0.01,0.01,0.01,0,279
1576082916195273315,111,1576082916195071856,,0,2.87,-9.64,-0.73,10.09,5.00154396075,0.0003,-0.0082,-0.0078,0.0031,0.01,0.01,0.01,0.01,0,279
1576082916289253940,112,1576082916289059815,,0,2.86,-9.82,-0.73,10.25,4.99651112932,0.0084,-0.0024,-0.0092,0.0093,0.01,0.01,0.01,0.01,0,279
1576082916394225940,113,1576082916394039190,,0,2.85,-9.99,-0.74,10.41,4.99071698527,0.005,-0.0016,-0.0002,0.0078,0.01,0.01,0.01,0.01,0,279
1576082916496263731,114,1576082916496076065,,0,2.85,-10.16,-0.74,10.58,4.98648944875,0.0083,-0.0055,-0.0011,0.0056,0.01,0.01,0.01,0.01,0,279
1576082916592517940,115,1576082916592212523,,0,2.86,-10.33,-0.74,10.75,4.98235301842,0.0008,-0.0082,-0.0002,0.0022,0.01,0.01,0.01,0.01,0,279
1576082916692230773,116,1576082916692048231,,0,2.85,-10.5,-0.73,10.91,4.97786612598,0.0061,-0.0044,-0.0052,0.0006,0.01,0.01,0.01,0.01,0,279
1576082916793537898,117,1576082916793189356,,0,2.86,-10.67,-0.73,11.07,4.97425015284,0.001,-0.0047,-0.0073,0.006,0.01,0.01,0.01,0.01,0,279
1576082916901500440,118,1576082916901187273,,0,2.86,-10.84,-0.73,11.23,4.9704163626,0.001,-0.001,-0.0041,0.0062,0.01,0.01,0.01,0.01,0,279
1576082916994597023,119,1576082916994171356,,0,2.85,-10.99,-0.73,11.38,4.96673197255,0.0094,-0.0089,-0.0091,0.0085,0.01,0.01,0.01,0.01,0,279
1576082917094534398,120,1576082917094155523,,0,2.86,-11.15,-0.73,11.53,4.96345249889,0.0003,-0.0022,-0.005,0.0066,0.01,0.01,0.01,0.01,0,279
1576082917189269815,121,1576082917189062481,,0,2.85,-11.31,-0.73,11.68,4.95985188464,0.0075,-0.0005,-0.0064,0.0091,0.01,0.01,0.01,0.01,0,279
1576082917293555023,122,1576082917293217565,,0,2.84,-11.46,-0.73,11.83,4.95531088699,0.0008,-0.0036,-0.0066,0.0033,0.01,0.01,0.01,0.01,0,279
1576082917394527940,123,1576082917394145606,,0,2.83,-11.62,-0.74,11.99,4.95141251958,0.0033,-0.0069,-0.0051,0.0003,0.01,0.01,0.01,0.01,0,279
1576082917493519398,124,1576082917493182815,,0,2.83,-11.79,-0.73,12.15,4.94854145296,0.0078,-0.0026,-0.0062,0.0015,0.01,0.01,0.01,0.01,0,279
1576082917591490731,125,1576082917591143606,,0,2.82,-11.96,-0.74,12.31,4.94459282006,0.0089,-0.0032,-0.0047,0.0057,0.01,0.01,0.01,0.01,0,279
1576082917693487773,126,1576082917693165856,,0,2.82,-12.13,-0.74,12.47,4.94132381837,0.0069,-0.0016,-0.0049,0.0089,0.01,0.01,0.01,0.01,0,279
1576082917793193190,127,1576082917793031732,,0,2.82,-12.29,-0.74,12.63,4.93835780584,0.0054,0.0,-0.0011,0.0024,0.01,0.01,0.01,0.01,0,279
1576082917898388148,128,1576082917898140357,,0,2.82,-12.45,-0.74,12.78,4.93518479726,0.001,-0.0017,-0.0066,0.0091,0.01,0.01,0.01,0.01,0,279
1576082917994524107,129,1576082917994209940,,0,2.81,-12.61,-0.74,12.94,4.9321168575,0.0064,-0.0008,-0.008,0.0031,0.01,0.01,0.01,0.01,0,279
1576082918087635607,130,1576082918087190273,,0,2.8,-12.77,-0.74,13.09,4.92895885875,0.0098,-0.0007,-0.0051,0.0074,0.01,0.01,0.01,0.01,0,279
1576082918194210398,131,1576082918194031315,,0,2.8,-12.93,-0.74,13.25,4.9258888246,0.0045,-0.0057,-0.0069,0.0073,0.01,0.01,0.01,0.01,0,279
1576082918295592607,132,1576082918295221065,,0,2.8,-13.09,-0.75,13.41,4.92305371176,0.0009,-0.0083,-0.0017,0.0055,0.01,0.01,0.01,0.01,0,279
1576082918394559065,133,1576082918394163857,,0,2.79,-13.25,-0.74,13.57,4.91988384477,0.0014,-0.009,-0.007,0.0003,0.01,0.01,0.01,0.01,0,279
1576082918494495232,134,1576082918494148857,,0,2.78,-13.42,-0.73,13.73,4.9172648037,0.0095,-0.0044,-0.007,0.001,0.01,0.01,0.01,0.01,0,279
1576082918594234857,135,1576082918594053940,,0,2.77,-13.59,-0.73,13.89,4.91398707536,0.0081,-0.0033,-0.0092,0.004,0.01,0.01,0.01,0.01,0,279
1576082918693221273,136,1576082918693053940,,0,2.77,-13.77,-0.73,14.06,4.9109488062,0.0008,-0.0007,-0.0086,0.0061,0.01,0.01,0.01,0.01,0,279
1576082918791499648,137,1576082918791137232,,0,2.76,-13.93,-0.73,14.22,4.90836502077,0.007,-0.0077,-0.01,0.009,0.01,0.01,0.01,0.01,0,279
1576082918889248732,138,1576082918889055482,,0,2.75,-14.1,-0.74,14.39,4.90543147137,0.0076,-0.0073,-0.0026,0.0034,0.01,0.01,0.01,0.01,0,279
1576082918980530898,139,1576082918980180065,,0,2.75,-14.27,-0.74,14.55,4.90318278916,0.0062,-0.0005,-0.0009,0.0032,0.01,0.01,0.01,0.01,0,279
1576082919095623065,140,1576082919095245232,,0,2.74,-14.43,-0.74,14.71,4.900626929,0.0099,-0.0054,-0.006,0.0039,0.01,0.01,0.01,0.01,0,279
1576082919195550190,141,1576082919195199523,,0,2.74,-14.59,-0.75,14.86,4.89837231267,0.006,-0.0042,-0.0011,0.0092,0.01,0.01,0.01,0.01,0,279
1576082919296228648,142,1576082919296040815,,0,2.74,-14.75,-0.74,15.02,4.8963787976,0.0055,-0.003,-0.0057,0.0048,0.01,0.01,0.01,0.01,0,279
1576082919395494982,143,1576082919395186065,,0,2.74,-14.9,-0.74,15.17,4.89425159031,0.0013,-0.0068,-0.0039,0.005,0.01,0.01,0.01,0.01,0,279
1576082919495566482,144,1576082919495163148,,0,2.72,-15.06,-0.74,15.32,4.89162033193,0.0089,-0.0023,-0.0098,0.0059,0.01,0.01,0.01,0.01,0,279
1576082919595505315,145,1576082919595136857,,0,2.71,-15.21,-0.75,15.47,4.88911264286,0.007,-0.0037,-0.0002,0.0026,0.01,0.01,0.01,0.01,0,279
1576082919693322357,146,1576082919693094898,,0,2.69,-15.35,-0.74,15.6,4.88613615835,0.0053,-0.0066,-0.0062,0.0092,0.01,0.01,0.01,0.01,0,279
1576082919795249148,147,1576082919795052815,,0,2.66,-15.49,-0.75,15.74,4.88294464928,0.0093,-0.0085,-0.0074,0.0049,0.01,0.01,0.01,0.01,0,279
1576082919894443690,148,1576082919894178315,,0,2.64,-15.63,-0.74,15.87,4.87972800747,0.0007,-0.0027,-0.0089,0.0019,0.01,0.01,0.01,0.01,0,279
1576082919994475190,149,1576082919994195440,,0,2.6,-15.77,-0.74,16.0,4.87638360756,0.0097,-0.0006,-0.0091,0.0026,0.01,0.01,0.01,0.01,0,279
1576082920095507190,150,1576082920095209148,,0,2.57,-15.9,-0.74,16.12,4.87314846526,0.0086,-0.0018,-0.0056,0.0068,0.01,0.01,0.01,0.01,0,279
1576082920195456315,151,1576082920195181232,,0,2.54,-16.02,-0.75,16.24,4.869722733,0.002,-0.0032,-0.0004,0.001,0.01,0.01,0.01,0.01,0,279
1576082920295511232,152,1576082920295190398,,0,2.51,-16.14,-0.75,16.35,4.86678359854,0.003,-0.0067,-0.0042,0.0085,0.01,0.01,0.01,0.01,0,279
1576082920396264190,153,1576082920396073773,,0,2.47,-16.26,-0.75,16.47,4.86344652901,0.0063,-0.0085,-0.0081,0.0034,0.01,0.01,0.01,0.01,0,279
1576082920495264065,154,1576082920495062732,,0,2.42,-16.39,-0.75,16.58,4.8593875913,0.0069,-0.0004,-0.0047,0.0062,0.01,0.01,0.01,0.01,0,279
1576082920594559732,155,1576082920594189274,,0,2.38,-16.49,-0.73,16.67,4.85586481874,0.0026,-0.0021,-0.0095,0.0098,0.01,0.01,0.01,0.01,0,279
1576082920695550024,156,1576082920695223274,,0,2.33,-16.6,-0.75,16.78,4.85187150541,0.001,-0.0036,-0.0024,0.0033,0.01,0.01,0.01,0.01,0,279
1576082920787539732,157,1576082920787156565,,0,2.26,-16.71,-0.75,16.88,4.84717622066,0.0064,-0.0026,-0.0016,0.0023,0.01,0.01,0.01,0.01,0,279
1576082920899482565,158,1576082920899194982,,0,2.19,-16.83,-0.74,16.99,4.84233677171,0.01,-0.0042,-0.0032,0.0036,0.01,0.01,0.01,0.01,0,279
1576082920995235732,159,1576082920995046690,,0,2.13,-16.94,-0.74,17.09,4.83774062166,0.0059,-0.0096,-0.0068,0.01,0.01,0.01,0.01,0.01,0,279
1576082921094606357,160,1576082921094164065,,0,2.06,-17.06,-0.74,17.2,4.83254163488,0.0002,-0.0037,-0.0069,0.0038,0.01,0.01,0.01,0.01,0,279
1576082921194507565,161,1576082921194165565,,0,1.98,-17.18,-0.73,17.31,4.82744911319,0.0063,-0.0069,-0.0063,0.007,0.01,0.01,0.01,0.01,0,279
1576082921296238649,162,1576082921296051524,,0,1.9,-17.29,-0.74,17.41,4.82193317462,0.0021,-0.0046,-0.0047,0.0048,0.01,0.01,0.01,0.01,0,279
1576082921397264024,163,1576082921397062482,,0,1.81,-17.4,-0.73,17.51,4.81657396662,0.01,-0.0056,-0.0078,0.0061,0.01,0.01,0.01,0.01,0,279
1576082921493214899,164,1576082921493042190,,0,1.72,-17.51,-0.74,17.61,4.81080355905,0.0097,-0.0092,-0.0018,0.01,0.01,0.01,0.01,0.01,0,279
1576082921594529982,165,1576082921594166607,,0,1.64,-17.61,-0.73,17.7,4.80540106688,0.0032,-0.006,-0.0011,0.0076,0.01,0.01,0.01,0.01,0,279
1576082921687285440,166,1576082921687051607,,0,1.55,-17.71,-0.73,17.79,4.79975387955,0.0013,-0.0016,-0.0014,0.0045,0.01,0.01,0.01,0.01,0,279
1576082921791573899,167,1576082921791208024,,0,1.45,-17.79,-0.72,17.87,4.79386793118,0.0035,-0.0093,-0.0085,0.0034,0.01,0.01,0.01,0.01,0,279
1576082921900222899,168,1576082921900036274,,0,1.36,-17.89,-0.72,17.96,4.78825355605,0.0001,-0.0039,-0.008,0.0002,0.01,0.01,0.01,0.01,0,279
1576082921999295107,169,1576082921999061982,,0,1.25,-17.98,-0.72,18.04,4.78196932354,0.0037,-0.0092,-0.0085,0.0076,0.01,0.01,0.01,0.01,0,279
1576082922094621690,170,1576082922094163274,,0,1.14,-18.08,-0.71,18.13,4.7757877164,0.0082,-0.0073,-0.0064,0.0079,0.01,0.01,0.01,0.01,0,279
1576082922196580232,171,1576082922196170274,,0,1.05,-18.17,-0.72,18.21,4.77041664016,0.0056,-0.0009,-0.0014,0.0058,0.01,0.01,0.01,0.01,0,279
1576082922296511857,172,1576082922296152232,,0,0.95,-18.25,-0.71,18.28,4.76472547053,0.006,-0.0005,-0.0091,0.0096,0.01,0.01,0.01,0.01,0,279
1576082922394229440,173,1576082922394045399,,0,0.85,-18.32,-0.7,18.35,4.7592531652,0.0095,-0.0058,-0.0043,0.0095,0.01,0.01,0.01,0.01,0,279
1576082922485264857,174,1576082922485077774,,0,0.76,-18.38,-0.7,18.41,4.7537222168,0.0003,-0.0032,-0.0072,0.0025,0.01,0.01,0.01,0.01,0,279
1576082922580239649,175,1576082922580045232,,0,0.65,-18.44,-0.69,18.47,4.74796088494,0.0064,-0.0067,-0.0087,0.0016,0.01,0.01,0.01,0.01,0,279
1576082922693535857,176,1576082922693185982,,0,0.54,-18.5,-0.68,18.52,4.74164488744,0.0016,-0.0075,-0.0057,0.0082,0.01,0.01,0.01,0.01,0,279
1576082922794559524,177,1576082922794156815,,0,0.43,-18.56,-0.69,18.58,4.73601166274,0.0086,-0.0031,-0.0032,0.0012,0.01,0.01,0.01,0.01,0,279
1576082922901289982,178,1576082922901085107,,0,0.32,-18.61,-0.68,18.63,4.73002378715,0.0083,-0.0057,-0.0045,0.0012,0.01,0.01,0.01,0.01,0,279
1576082922984632774,179,1576082922984175607,,0,0.22,-18.66,-0.68,18.67,4.72421672766,0.0008,-0.0037,-0.0008,0.0074,0.01,0.01,0.01,0.01,0,279
1576082923087538815,180,1576082923087197399,,0,0.1,-18.7,-0.67,18.71,4.71825119228,0.0096,-0.003,-0.0083,0.0057,0.01,0.01,0.01,0.01,0,279
1576082923196270107,181,1576082923196061815,,0,0.01,-18.73,-0.66,18.75,4.71295725959,0.0007,-0.0098,-0.0097,0.0017,0.01,0.01,0.01,0.01,0,279
1576082923296236315,182,1576082923296044107,,0,-0.11,-18.76,-0.65,18.77,4.70612883342,-0.0075,-0.0077,-0.0048,0.0095,0.01,0.01,0.01,0.01,0,279
1576082923397264982,183,1576082923397077357,,0,-0.24,-18.79,-0.65,18.8,4.69948925188,-0.0024,-0.0026,-0.0033,0.0055,0.01,0.01,0.01,0.01,0,279
1576082923490379607,184,1576082923490139232,,0,-0.36,-18.81,-0.64,18.82,4.69312962115,-0.0024,-0.0034,-0.0085,0.0081,0.01,0.01,0.01,0.01,0,279
1576082923594298982,185,1576082923594071857,,0,-0.48,-18.83,-0.64,18.84,4.68650679478,-0.0075,-0.0014,-0.0075,0.0088,0.01,0.01,0.01,0.01,0,279
1576082923694625774,186,1576082923694196482,,0,-0.61,-18.84,-0.64,18.87,4.67971781305,-0.006,-0.0093,-0.0041,0.0003,0.01,0.01,0.01,0.01,0,279
1576082923794563357,187,1576082923794170316,,0,-0.74,-18.86,-0.63,18.88,4.67265237117,-0.01,-0.0036,-0.0082,0.0093,0.01,0.01,0.01,0.01,0,279
1576082923900521774,188,1576082923900237566,,0,-0.89,-18.88,-0.63,18.91,4.66497187527,-0.006,-0.0016,-0.0076,0.0036,0.01,0.01,0.01,0.01,0,279
1576082923995556357,189,1576082923995211149,,0,-1.04,-18.89,-0.62,18.93,4.65740168417,-0.0002,-0.0073,-0.0088,0.0063,0.01,0.01,0.01,0.01,0,279
1576082924085303066,190,1576082924085059316,,0,-1.18,-18.9,-0.62,18.95,4.64979972808,-0.0051,-0.0096,-0.0047,0.007,0.01,0.01,0.01,0.01,0,279
1576082924195558066,191,1576082924195186607,,0,-1.33,-18.91,-0.62,18.97,4.64209968448,-0.002,-0.0092,-0.0023,0.0062,0.01,0.01,0.01,0.01,0,279
1576082924296283941,192,1576082924296076441,,0,-1.48,-18.92,-0.61,18.99,4.63403137642,-0.0058,-0.0029,-0.004,0.0011,0.01,0.01,0.01,0.01,0,279
1576082924389275732,193,1576082924389069024,,0,-1.64,-18.92,-0.6,19.0,4.62590931221,-0.001,-0.008,-0.0021,0.0086,0.01,0.01,0.01,0.01,0,279
1576082924485498107,194,1576082924485179816,,0,-1.79,-18.93,-0.59,19.02,4.61794223324,-0.0034,-0.0022,-0.0076,0.0063,0.01,0.01,0.01,0.01,0,279
1576082924595301982,195,1576082924595079357,,0,-1.95,-18.93,-0.59,19.04,4.60949763219,-0.0047,-0.0006,-0.0039,0.0005,0.01,0.01,0.01,0.01,0,279
1576082924694494274,196,1576082924694164982,,0,-2.1,-18.93,-0.58,19.06,4.60147540082,-0.009,-0.0065,-0.0047,0.0025,0.01,0.01,0.01,0.01,0,279
1576082924793202232,197,1576082924793039066,,0,-2.25,-18.93,-0.58,19.07,4.59362211731,-0.0095,-0.005,-0.0017,0.0082,0.01,0.01,0.01,0.01,0,279
1576082924891480607,198,1576082924891176149,,0,-2.41,-18.93,-0.57,19.09,4.58561245231,-0.0037,-0.007,-0.0014,0.0087,0.01,0.01,0.01,0.01,0,279
1576082924995260941,199,1576082924995057399,,0,-2.56,-18.93,-0.57,19.11,4.57792288069,-0.0019,-0.0076,-0.0033,0.0087,0.01,0.01,0.01,0.01,0,279
1576082925093620857,200,1576082925093168774,,0,-2.7,-18.94,-0.56,19.14,4.57034884987,-0.0085,-0.0002,-0.0066,0.0013,0.01,0.01,0.01,0.01,0,279
1576082925195565149,201,1576082925195156982,,0,-2.86,-18.93,-0.56,19.15,4.56232208064,-0.0026,-0.0018,-0.0048,0.0053,0.01,0.01,0.01,0.01,0,279
1576082925291220774,202,1576082925291041399,,0,-3.0,-18.92,-0.55,19.17,4.55468766143,-0.0099,-0.0076,-0.0099,0.0036,0.01,0.01,0.01,0.01,0,279
1576082925393903066,203,1576082925393319982,,0,-3.17,-18.92,-0.54,19.19,4.54626540059,-0.003,-0.0045,-0.0089,0.0065,0.01,0.01,0.01,0.01,0,279
1576082925484828399,204,1576082925484259232,,0,-3.33,-18.92,-0.55,19.22,4.53789689589,-0.0055,-0.0012,-0.003,0.0009,0.01,0.01,0.01,0.01,0,279
1576082925594329399,205,1576082925594067524,,0,-3.5,-18.91,-0.53,19.24,4.52941913358,-0.0009,-0.0099,-0.0098,0.0086,0.01,0.01,0.01,0.01,0,279
1576082925691724149,206,1576082925691263774,,0,-3.67,-18.92,-0.52,19.28,4.52058986196,-0.0041,-0.0006,-0.0014,0.0011,0.01,0.01,0.01,0.01,0,279
1576082925782263357,207,1576082925782056274,,0,-3.85,-18.92,-0.52,19.31,4.51168100333,-0.0003,-0.0053,-0.0001,0.01,0.01,0.01,0.01,0.01,0,279
1576082925890812399,208,1576082925890303941,,0,-4.01,-18.93,-0.51,19.36,4.50324722332,-0.0087,-0.0042,-0.0007,0.0027,0.01,0.01,0.01,0.01,0,279
1576082925995262107,209,1576082925995059982,,0,-4.18,-18.94,-0.5,19.4,4.49474153574,-0.009,-0.0021,-0.0018,0.0062,0.01,0.01,0.01,0.01,0,279
1576082926094481607,210,1576082926094117274,,0,-4.35,-18.93,-0.51,19.44,4.48620303597,-0.0085,-0.0099,-0.0013,0.0016,0.01,0.01,0.01,0.01,0,279
1576082926181774649,211,1576082926181199566,,0,-4.52,-18.94,-0.49,19.48,4.47780590788,-0.0065,-0.0005,-0.0045,0.0001,0.01,0.01,0.01,0.01,0,279
1576082926294670858,212,1576082926294260899,,0,-4.69,-18.94,-0.48,19.52,4.46952362244,-0.0035,-0.0041,-0.0096,0.0031,0.01,0.01,0.01,0.01,0,279
1576082926396234233,213,1576082926396041149,,0,-4.86,-18.93,-0.48,19.55,4.46106540782,-0.0019,-0.006,-0.0041,0.0062,0.01,0.01,0.01,0.01,0,279
1576082926495219774,214,1576082926495046108,,0,-5.03,-18.94,-0.47,19.6,4.45269166714,-0.0024,-0.0004,-0.0079,0.0033,0.01,0.01,0.01,0.01,0,279
1576082926594241566,215,1576082926594047108,,0,-5.21,-18.94,-0.47,19.65,4.44388543386,-0.0031,-0.0067,-0.0051,0.0066,0.01,0.01,0.01,0.01,0,279
1576082926695598733,216,1576082926695164524,,0,-5.38,-18.95,-0.46,19.7,4.43573090653,-0.0019,-0.0045,-0.003,0.0092,0.01,0.01,0.01,0.01,0,279
1576082926794621274,217,1576082926794194774,,0,-5.55,-18.95,-0.46,19.76,4.42751215108,-0.0021,-0.0093,-0.003,0.001,0.01,0.01,0.01,0.01,0,279
1576082926891465691,218,1576082926891178191,,0,-5.72,-18.96,-0.45,19.81,4.41936041628,-0.0017,-0.0041,-0.0051,0.0037,0.01,0.01,0.01,0.01,0,279
1576082926995602358,219,1576082926995214774,,0,-5.89,-18.97,-0.44,19.86,4.41131340123,-0.0005,-0.0001,-0.0036,0.0085,0.01,0.01,0.01,0.01,0,279
1576082927091221774,220,1576082927091036316,,0,-6.05,-18.97,-0.43,19.92,4.40327092404,-0.0096,-0.0045,-0.0065,0.0034,0.01,0.01,0.01,0.01,0,279
1576082927195240441,221,1576082927195053191,,0,-6.22,-18.96,-0.43,19.97,4.39507695226,-0.0099,-0.01,-0.0002,0.0014,0.01,0.01,0.01,0.01,0,279
1576082927296419024,222,1576082927296140816,,0,-6.39,-18.96,-0.42,20.01,4.38742647602,-0.0003,-0.0076,-0.0041,0.0097,0.01,0.01,0.01,0.01,0,279
1576082927396514774,223,1576082927396135399,,0,-6.56,-18.96,-0.41,20.07,4.37937143246,-0.0009,-0.0076,-0.0073,0.0046,0.01,0.01,0.01,0.01,0,279
1576082927494498816,224,1576082927494210691,,0,-6.74,-18.96,-0.41,20.13,4.37076800644,-0.0026,-0.0034,-0.0023,0.0006,0.01,0.01,0.01,0.01,0,279
1576082927595490233,225,1576082927595208608,,0,-6.91,-18.97,-0.4,20.19,4.36284037191,-0.0053,-0.0012,-0.001,0.0062,0.01,0.01,0.01,0.01,0,279
1576082927695220899,226,1576082927695050566,,0,-7.08,-18.97,-0.39,20.25,4.35495392716,-0.0065,-0.0043,-0.0038,0.0082,0.01,0.01,0.01,0.01,0,279
1576082927794237941,227,1576082927794046774,,0,-7.25,-18.97,-0.38,20.31,4.3470102356,-0.009,-0.005,-0.0075,0.0098,0.01,0.01,0.01,0.01,0,279
1576082927901658399,228,1576082927901182899,,0,-7.43,-18.97,-0.37,20.38,4.33887874661,-0.0053,-0.0021,-0.0092,0.0006,0.01,0.01,0.01,0.01,0,279
1576082927985586691,229,1576082927985211358,,0,-7.6,-18.97,-0.36,20.44,4.33111098425,-0.0067,-0.0043,-0.0036,0.0054,0.01,0.01,0.01,0.01,0,279
1576082928094485191,230,1576082928094194774,,0,-7.77,-18.97,-0.36,20.5,4.32345178136,-0.0044,-0.0006,-0.0063,0.0051,0.01,0.01,0.01,0.01,0,279
1576082928197453566,231,1576082928197161566,,0,-7.94,-18.96,-0.36,20.56,4.31577512517,-0.0035,-0.0069,-0.0063,0.0064,0.01,0.01,0.01,0.01,0,279
1576082928296526691,232,1576082928296207024,,0,-8.11,-18.96,-0.35,20.63,4.30834665481,-0.0002,-0.0083,-0.0076,0.0025,0.01,0.01,0.01,0.01,0,279
1576082928396587816,233,1576082928396141316,,0,-8.28,-18.96,-0.35,20.7,4.30058377936,-0.0055,-0.0095,-0.0046,0.0031,0.01,0.01,0.01,0.01,0,279
1576082928496213149,234,1576082928496036316,,0,-8.45,-18.97,-0.34,20.77,4.29331622836,-0.0017,-0.0029,-0.0048,0.003,0.01,0.01,0.01,0.01,0,279
1576082928595545191,235,1576082928595166441,,0,-8.61,-18.97,-0.34,20.84,4.28615339711,-0.0061,-0.0052,-0.0055,0.0026,0.01,0.01,0.01,0.01,0,279
1576082928692231566,236,1576082928692058941,,0,-8.77,-18.97,-0.33,20.91,4.2791424095,-0.0087,-0.0087,-0.0055,0.0034,0.01,0.01,0.01,0.01,0,279
1576082928785565191,237,1576082928785210358,,0,-8.94,-18.97,-0.33,20.98,4.2719575871,-0.0046,-0.0083,-0.0029,0.0031,0.01,0.01,0.01,0.01,0,279
1576082928895497691,238,1576082928895206149,,0,-9.1,-18.97,-0.31,21.05,4.26497696823,-0.0065,-0.0071,-0.0015,0.0013,0.01,0.01,0.01,0.01,0,279
1576082928994633691,239,1576082928994185816,,0,-9.27,-18.98,-0.3,21.13,4.2577066247,-0.0089,-0.0014,-0.0059,0.0002,0.01,0.01,0.01,0.01,0,279
1576082929096528900,240,1576082929096208525,,0,-9.44,-18.98,-0.3,21.2,4.25043977182,-0.01,-0.0004,-0.0017,0.0049,0.01,0.01,0.01,0.01,0,279
1576082929199262650,241,1576082929199074441,,0,-9.61,-18.98,-0.29,21.28,4.24355409886,-0.0048,-0.0027,-0.0035,0.0008,0.01,0.01,0.01,0.01,0,279
1576082929297269358,242,1576082929297059483,,0,-9.78,-18.98,-0.28,21.36,4.23643315551,-0.0072,-0.0064,-0.0042,0.0024,0.01,0.01,0.01,0.01,0,279
1576082929397508108,243,1576082929397184025,,0,-9.96,-18.98,-0.28,21.44,4.22906786607,-0.0032,-0.0033,-0.0015,0.0008,0.01,0.01,0.01,0.01,0,279
1576082929495537483,244,1576082929495213483,,0,-10.12,-18.98,-0.27,21.52,4.22239128355,-0.0074,-0.0071,-0.0018,0.0008,0.01,0.01,0.01,0.01,0,279
1576082929594544483,245,1576082929594154900,,0,-10.28,-18.99,-0.25,21.6,4.21595032047,-0.0075,-0.0015,-0.0089,0.0004,0.01,0.01,0.01,0.01,0,279
1576082929695500316,246,1576082929695182775,,0,-10.44,-18.99,-0.25,21.67,4.20943640264,-0.008,-0.0014,-0.0054,0.0072,0.01,0.01,0.01,0.01,0,279
1576082929785516816,247,1576082929785196858,,0,-10.61,-18.99,-0.25,21.76,4.20284813378,-0.0042,-0.0061,-0.0037,0.0018,0.01,0.01,0.01,0.01,0,279
1576082929891310191,248,1576082929891072358,,0,-10.77,-18.99,-0.24,21.84,4.19634224446,-0.0075,-0.007,-0.0065,0.0026,0.01,0.01,0.01,0.01,0,279
1576082929996521608,249,1576082929996220275,,0,-10.93,-18.99,-0.24,21.92,4.19007581431,-0.005,-0.0063,-0.0013,0.0002,0.01,0.01,0.01,0.01,0,279
1576082930096365066,250,1576082930096099275,,0,-11.1,-18.99,-0.23,22.0,4.1832826438,-0.0079,-0.007,-0.0023,0.0074,0.01,0.01,0.01,0.01,0,279
1576082930197501733,251,1576082930197122483,,0,-11.27,-19.0,-0.21,22.09,4.17700609074,-0.0024,-0.0037,-0.0087,0.0065,0.01,0.01,0.01,0.01,0,279
1576082930298338316,252,1576082930298075400,,0,-11.44,-19.0,-0.21,22.18,4.17029285631,-0.0059,-0.0042,-0.004,0.0059,0.01,0.01,0.01,0.01,0,279
1576082930398340025,253,1576082930398088566,,0,-11.61,-19.0,-0.21,22.27,4.16397616068,-0.0016,-0.0066,-0.0028,0.0039,0.01,0.01,0.01,0.01,0,279
1576082930495781108,254,1576082930495212066,,0,-11.77,-19.0,-0.2,22.36,4.15768948471,-0.008,-0.0093,-0.0017,0.0033,0.01,0.01,0.01,0.01,0,279
1576082930595835400,255,1576082930595276650,,0,-11.94,-19.01,-0.19,22.45,4.15147227285,-0.004,-0.0022,-0.0016,0.0035,0.01,0.01,0.01,0.01,0,279
1576082930689876608,256,1576082930689227983,,0,-12.11,-19.01,-0.18,22.54,4.14520933336,-0.0027,-0.0053,-0.0066,0.0063,0.01,0.01,0.01,0.01,0,279
1576082930794687941,257,1576082930794197858,,0,-12.27,-19.01,-0.18,22.63,4.13916037124,-0.0055,-0.006,-0.0035,0.0047,0.01,0.01,0.01,0.01,0,279
1576082930903736691,258,1576082930903202233,,0,-12.44,-19.01,-0.17,22.72,4.13309954088,-0.0004,-0.0076,-0.0047,0.0058,0.01,0.01,0.01,0.01,0,279
1576082930995734358,259,1576082930995201900,,0,-12.61,-19.01,-0.16,22.82,4.12669802225,-0.0045,-0.0068,-0.0044,0.0008,0.01,0.01,0.01,0.01,0,279
1576082931095586900,260,1576082931095180233,,0,-12.77,-19.02,-0.15,22.91,4.12110179854,-0.0008,-0.0006,-0.006,0.0007,0.01,0.01,0.01,0.01,0,279
1576082931198557775,261,1576082931198161025,,0,-12.93,-19.02,-0.15,23.0,4.11539945881,-0.0017,-0.0049,-0.0066,0.0044,0.01,0.01,0.01,0.01,0,279
1576082931298523525,262,1576082931298143441,,0,-13.09,-19.02,-0.14,23.1,4.10951909549,-0.008,-0.0079,-0.0069,0.0006,0.01,0.01,0.01,0.01,0,279
1576082931395675941,263,1576082931395232941,,0,-13.25,-19.02,-0.14,23.18,4.10388203107,-0.0041,-0.0041,-0.0065,0.0064,0.01,0.01,0.01,0.01,0,279
1576082931487234400,264,1576082931487049733,,0,-13.41,-19.02,-0.13,23.27,4.09819435211,-0.0059,-0.0048,-0.0067,0.0098,0.01,0.01,0.01,0.01,0,279
1576082931592212400,265,1576082931592037400,,0,-13.58,-19.02,-0.12,23.37,4.09247421002,-0.001,-0.0068,-0.0098,0.0069,0.01,0.01,0.01,0.01,0,279
1576082931694289275,266,1576082931694070525,,0,-13.73,-19.02,-0.12,23.46,4.08691324195,-0.0086,-0.0031,-0.0027,0.0058,0.01,0.01,0.01,0.01,0,279
1576082931795528275,267,1576082931795175608,,0,-13.89,-19.02,-0.11,23.55,4.08145350299,-0.0071,-0.0029,-0.0084,0.0087,0.01,0.01,0.01,0.01,0,279
1576082931905234275,268,1576082931905050817,,0,-14.05,-19.02,-0.1,23.65,4.07605205802,-0.0076,-0.0059,-0.0071,0.0061,0.01,0.01,0.01,0.01,0,279
1576082931995541525,269,1576082931995171150,,0,-14.22,-19.02,-0.1,23.75,4.0704579287,-0.0013,-0.0039,-0.0048,0.0022,0.01,0.01,0.01,0.01,0,279
1576082932095532317,270,1576082932095165483,,0,-14.38,-19.02,-0.09,23.84,4.06511791932,-0.0003,-0.0039,-0.01,0.0076,0.01,0.01,0.01,0.01,0,279
1576082932190228483,271,1576082932190047817,,0,-14.53,-19.02,-0.09,23.94,4.0598937998,-0.0095,-0.0071,-0.006,0.0066,0.01,0.01,0.01,0.01,0,279
1576082932295721567,272,1576082932295245400,,0,-14.69,-19.02,-0.07,24.04,4.05485259079,-0.0026,-0.0078,-0.0083,0.0003,0.01,0.01,0.01,0.01,0,279
1576082932397824192,273,1576082932397250775,,0,-14.84,-19.03,-0.08,24.13,4.04982988227,-0.0081,-0.0008,-0.0074,0.008,0.01,0.01,0.01,0.01,0,279
1576082932490858233,274,1576082932490252817,,0,-15.0,-19.02,-0.07,24.22,4.04472968113,-0.0005,-0.0053,-0.0024,0.0077,0.01,0.01,0.01,0.01,0,279
1576082932594603858,275,1576082932594211983,,0,-15.15,-19.02,-0.06,24.32,4.0398664957,-0.0009,-0.005,-0.0065,0.0009,0.01,0.01,0.01,0.01,0,279
1576082932695635358,276,1576082932695234358,,0,-15.3,-19.02,-0.06,24.41,4.03500156494,-0.0018,-0.0039,-0.0022,0.0043,0.01,0.01,0.01,0.01,0,279
1576082932794730608,277,1576082932794189233,,0,-15.44,-19.02,-0.06,24.5,4.03027870399,-0.0076,-0.0005,-0.0006,0.0033,0.01,0.01,0.01,0.01,0,279
1576082932891302358,278,1576082932891061692,,0,-15.6,-19.01,-0.05,24.59,4.02526681651,-0.004,-0.0074,-0.0042,0.0098,0.01,0.01,0.01,0.01,0,279
1576082932996596108,279,1576082932996218942,,0,-15.75,-19.02,-0.04,24.69,4.02067485525,-0.0048,-0.0024,-0.0056,0.0096,0.01,0.01,0.01,0.01,0,279
1576082933097410275,280,1576082933097158733,,0,-15.9,-19.02,-0.03,24.79,4.01603716636,-0.0024,-0.0004,-0.0059,0.0025,0.01,0.01,0.01,0.01,0,279
1576082933198688442,281,1576082933198189192,,0,-16.05,-19.01,-0.02,24.88,4.01133559842,-0.0035,-0.0087,-0.0023,0.0083,0.01,0.01,0.01,0.01,0,279
1576082933300623150,282,1576082933300233858,,0,-16.2,-19.01,-0.02,24.98,4.00664450246,-0.0062,-0.0078,-0.0078,0.0064,0.01,0.01,0.01,0.01,0,279
1576082933391293275,283,1576082933391065067,,0,-16.35,-19.01,-0.01,25.08,4.00197120885,-0.0099,-0.0074,-0.009,0.006,0.01,0.01,0.01,0.01,0,279
1576082933495272108,284,1576082933495064358,,0,-16.51,-19.01,0.0,25.18,3.99740891819,-0.0004,-0.0063,-0.007,0.0036,0.01,0.01,0.01,0.01,0,279
1576082933595527275,285,1576082933595167150,,0,-16.66,-19.01,0.0,25.28,3.99283441022,-0.0055,-0.0084,-0.0009,0.0071,0.01,0.01,0.01,0.01,0,279
1576082933694585858,286,1576082933694195858,,0,-16.82,-19.01,0.0,25.38,3.98804033983,-0.004,-0.0046,-0.0003,0.009,0.01,0.01,0.01,0.01,0,279
1576082933793552108,287,1576082933793156525,,0,-16.98,-19.01,0.01,25.49,3.98335622518,-0.0063,-0.0078,0.0006,0.0093,0.01,0.01,0.01,0.01,0,279
1576082933899306983,288,1576082933899089025,,0,-17.13,-19.01,0.01,25.6,3.97898661887,-0.0076,-0.0093,0.0047,0.0014,0.01,0.01,0.01,0.01,0,279
1576082933999289275,289,1576082933999064858,,0,-17.28,-19.02,0.02,25.7,3.97468822198,-0.0093,-0.0026,0.0025,0.0057,0.01,0.01,0.01,0.01,0,279
1576082934095687192,290,1576082934095215400,,0,-17.44,-19.02,0.02,25.81,3.97034374841,-0.0052,-0.0074,0.0037,0.0043,0.01,0.01,0.01,0.01,0,279
1576082934199340692,291,1576082934199068192,,0,-17.6,-19.03,0.03,25.92,3.96596960424,-0.0015,-0.0001,0.0015,0.0022,0.01,0.01,0.01,0.01,0,279
1576082934293249900,292,1576082934293042275,,0,-17.75,-19.03,0.04,26.02,3.96181048463,-0.0002,-0.0014,0.0011,0.0044,0.01,0.01,0.01,0.01,0,279
1576082934398388317,293,1576082934398082650,,0,-17.9,-19.03,0.04,26.12,3.95754489994,-0.0023,-0.0011,0.0026,0.008,0.01,0.01,0.01,0.01,0,279
1576082934497239067,294,1576082934497033983,,0,-18.05,-19.03,0.05,26.23,3.9533114293,-0.0067,-0.0031,0.0002,0.0056,0.01,0.01,0.01,0.01,0,279
1576082934586436317,295,1576082934586157817,,0,-18.21,-19.03,0.05,26.34,3.94910867647,-0.0004,-0.0043,0.0096,0.0025,0.01,0.01,0.01,0.01,0,279
1576082934696265775,296,1576082934696043567,,0,-18.37,-19.03,0.06,26.45,3.94461934056,-0.0056,-0.0052,0.0039,0.0076,0.01,0.01,0.01,0.01,0,279
1576082934796301234,297,1576082934796070025,,0,-18.53,-19.03,0.07,26.56,3.94030977358,-0.0058,-0.0063,0.0043,0.01,0.01,0.01,0.01,0.01,0,279
1576082934894436900,298,1576082934894149067,,0,-18.69,-19.03,0.07,26.67,3.93620685357,-0.0008,-0.0085,0.002,0.0099,0.01,0.01,0.01,0.01,0,279
1576082934996286317,299,1576082934996054942,,0,-18.84,-19.04,0.07,26.78,3.93222820101,-0.0027,-0.0011,0.0018,0.0083,0.01,0.01,0.01,0.01,0,279
1576082935097617817,300,1576082935097176275,,0,-18.99,-19.03,0.08,26.89,3.92826525641,-0.0006,-0.0091,0.0088,0.0012,0.01,0.01,0.01,0.01,0,279
1576082935192557775,301,1576082935192206192,,0,-19.14,-19.04,0.09,26.99,3.92430999126,-0.0026,-0.0003,0.0016,0.0096,0.01,0.01,0.01,0.01,0,279
1576082935298631484,302,1576082935298177650,,0,-19.29,-19.03,0.09,27.1,3.92023813811,-0.0081,-0.0092,0.0098,0.0093,0.01,0.01,0.01,0.01,0,279
1576082935398574817,303,1576082935398162400,,0,-19.45,-19.03,0.11,27.21,3.91629753373,-0.0009,-0.0093,0.0002,0.0084,0.01,0.01,0.01,0.01,0,279
1576082935498255317,304,1576082935498062484,,0,-19.6,-19.04,0.11,27.33,3.91251749963,-0.0029,-0.0035,0.008,0.0002,0.01,0.01,0.01,0.01,0,279
1576082935595524900,305,1576082935595204734,,0,-19.76,-19.04,0.12,27.44,3.90833185102,-0.0064,-0.0021,0.0056,0.0068,0.01,0.01,0.01,0.01,0,279
1576082935696537192,306,1576082935696191359,,0,-19.91,-19.04,0.12,27.55,3.90470715123,-0.0064,-0.008,0.0076,0.0091,0.01,0.01,0.01,0.01,0,279
1576082935796604192,307,1576082935796147900,,0,-20.06,-19.05,0.13,27.66,3.90107442292,-0.0053,-0.0013,0.0056,0.0092,0.01,0.01,0.01,0.01,0,279
1576082935901280275,308,1576082935901053067,,0,-20.21,-19.05,0.13,27.77,3.89740469364,-0.0047,-0.0026,0.0084,0.0087,0.01,0.01,0.01,0.01,0,279
1576082935986269692,309,1576082935986047817,,0,-20.36,-19.05,0.14,27.89,3.89386237339,-0.004,-0.0075,0.0036,0.0009,0.01,0.01,0.01,0.01,0,279
1576082936090637359,310,1576082936090204775,,0,-20.51,-19.05,0.15,27.99,3.89026385354,-0.0011,-0.0072,0.0055,0.0084,0.01,0.01,0.01,0.01,0,279
1576082936196533275,311,1576082936196179525,,0,-20.66,-19.05,0.15,28.1,3.8866028509,-0.0018,-0.0068,0.0012,0.0086,0.01,0.01,0.01,0.01,0,279
1576082936298620442,312,1576082936298163275,,0,-20.8,-19.05,0.16,28.21,3.88303469978,-0.0093,-0.0059,0.0017,0.0067,0.01,0.01,0.01,0.01,0,279
1576082936397598150,313,1576082936397203734,,0,-20.95,-19.05,0.16,28.32,3.87953740902,-0.0083,-0.0079,0.0055,0.0081,0.01,0.01,0.01,0.01,0,279
1576082936495567484,314,1576082936495170109,,0,-21.11,-19.05,0.16,28.44,3.87594587049,-0.0015,-0.0092,0.0055,0.0025,0.01,0.01,0.01,0.01,0,279
1576082936596518275,315,1576082936596199775,,0,-21.25,-19.06,0.18,28.55,3.87261159348,-0.005,-0.0005,0.0044,0.0002,0.01,0.01,0.01,0.01,0,279
1576082936695674150,316,1576082936695224067,,0,-21.39,-19.06,0.18,28.66,3.86933316702,-0.0099,-0.0042,0.0055,0.0007,0.01,0.01,0.01,0.01,0,279
1576082936794261400,317,1576082936794048067,,0,-21.54,-19.06,0.19,28.76,3.86604741017,-0.0025,-0.0047,0.0058,0.0077,0.01,0.01,0.01,0.01,0,279
1576082936903599900,318,1576082936903278567,,0,-21.68,-19.06,0.2,28.87,3.86292815773,-0.0002,-0.0063,0.0018,0.0021,0.01,0.01,0.01,0.01,0,279
1576082936990649775,319,1576082936990186734,,0,-21.8,-19.06,0.2,28.96,3.86004277941,-0.0037,-0.0036,0.0073,0.0031,0.01,0.01,0.01,0.01,0,279
1576082937095694817,320,1576082937095224109,,0,-21.93,-19.05,0.21,29.05,3.85700939717,-0.0013,-0.0081,0.0034,0.0057,0.01,0.01,0.01,0.01,0,279
1576082937199580692,321,1576082937199242484,,0,-22.05,-19.04,0.21,29.14,3.85394180647,-0.0048,-0.007,0.0018,0.0018,0.01,0.01,0.01,0.01,0,279
1576082937298639984,322,1576082937298173609,,0,-22.16,-19.03,0.21,29.21,3.85123654613,-0.0043,-0.0071,0.0093,0.0084,0.01,0.01,0.01,0.01,0,279
1576082937396285234,323,1576082937396071859,,0,-22.28,-19.02,0.22,29.29,3.84824993872,-0.0002,-0.0014,0.0036,0.0063,0.01,0.01,0.01,0.01,0,279
1576082937497232692,324,1576082937497033484,,0,-22.38,-19.0,0.22,29.36,3.84569687109,-0.002,-0.0097,0.0068,0.0062,0.01,0.01,0.01,0.01,0,279
1576082937595556026,325,1576082937595206359,,0,-22.47,-18.99,0.22,29.43,3.84329948683,-0.0083,-0.0089,0.0091,0.0027,0.01,0.01,0.01,0.01,0,279
1576082937696298359,326,1576082937696057776,,0,-22.56,-18.97,0.23,29.48,3.84078516551,-0.0098,-0.0091,0.0092,0.01,0.01,0.01,0.01,0.01,0,279
1576082937795548526,327,1576082937795195359,,0,-22.64,-18.96,0.24,29.53,3.8387061293,-0.0065,-0.0034,0.0082,0.0087,0.01,0.01,0.01,0.01,0,279
1576082937895559359,328,1576082937895207859,,0,-22.71,-18.94,0.25,29.57,3.83665152771,-0.0065,-0.0027,0.0081,0.0092,0.01,0.01,0.01,0.01,0,279
1576082937995603317,329,1576082937995171442,,0,-22.77,-18.9,0.25,29.6,3.83448697037,-0.0057,-0.0087,0.0079,0.003,0.01,0.01,0.01,0.01,0,279
1576082938086272609,330,1576082938086048151,,0,-22.83,-18.87,0.24,29.62,3.83228017606,-0.0058,-0.0036,0.0093,0.0068,0.01,0.01,0.01,0.01,0,279
1576082938198303026,331,1576082938198081234,,0,-22.89,-18.83,0.25,29.64,3.8299840209,-0.0033,-0.0029,0.0069,0.0054,0.01,0.01,0.01,0.01,0,279
1576082938297451692,332,1576082938297110942,,0,-22.94,-18.78,0.25,29.65,3.82760548619,-0.0058,-0.0047,0.0039,0.0053,0.01,0.01,0.01,0.01,0,279
1576082938398651692,333,1576082938398210234,,0,-22.99,-18.73,0.25,29.66,3.82520321501,-0.0083,-0.0056,0.0041,0.005,0.01,0.01,0.01,0.01,0,279
1576082938497607859,334,1576082938497198192,,0,-23.05,-18.67,0.26,29.67,3.82246584061,-0.0054,-0.0073,0.001,0.0026,0.01,0.01,0.01,0.01,0,279
1576082938595553151,335,1576082938595175401,,0,-23.1,-18.61,0.25,29.66,3.81972427742,-0.0017,-0.0002,0.0057,0.0064,0.01,0.01,0.01,0.01,0,279
1576082938695655317,336,1576082938695207151,,0,-23.15,-18.53,0.25,29.65,3.81660362872,-0.0011,-0.0011,0.0074,0.0054,0.01,0.01,0.01,0.01,0,279
1576082938778315817,337,1576082938778051401,,0,-23.19,-18.45,0.26,29.64,3.81371999573,-0.006,-0.0076,0.0026,0.0046,0.01,0.01,0.01,0.01,0,279
1576082938889451776,338,1576082938889140776,,0,-23.22,-18.38,0.28,29.61,3.81116308838,-0.003,-0.0023,0.0054,0.0093,0.01,0.01,0.01,0.01,0,279
1576082938985517026,339,1576082938985172401,,0,-23.25,-18.29,0.28,29.58,3.80809340329,-0.0037,-0.0008,0.0025,0.0066,0.01,0.01,0.01,0.01,0,279
1576082939097285734,340,1576082939097049276,,0,-23.27,-18.2,0.28,29.54,3.80522478013,-0.007,-0.0013,0.0037,0.0097,0.01,0.01,0.01,0.01,0,279
1576082939197263651,341,1576082939197046526,,0,-23.29,-18.1,0.28,29.5,3.80229192885,-0.0074,-0.0073,0.0078,0.0081,0.01,0.01,0.01,0.01,0,279
1576082939299360276,342,1576082939299106317,,0,-23.31,-17.99,0.28,29.45,3.79875414646,-0.0074,-0.0009,0.004,0.0026,0.01,0.01,0.01,0.01,0,279
1576082939398269776,343,1576082939398052567,,0,-23.34,-17.87,0.27,29.39,3.79503450076,-0.0005,-0.0006,0.0054,0.0075,0.01,0.01,0.01,0.01,0,279
1576082939485560984,344,1576082939485197651,,0,-23.35,-17.75,0.27,29.34,3.79144435849,-0.0094,-0.0024,0.0029,0.0008,0.01,0.01,0.01,0.01,0,279
1576082939597533484,345,1576082939597192151,,0,-23.37,-17.62,0.27,29.27,3.78768526834,-0.0064,-0.0072,0.0064,0.0089,0.01,0.01,0.01,0.01,0,279
1576082939689659817,346,1576082939689180359,,0,-23.39,-17.5,0.27,29.21,3.78392024408,-0.002,-0.0011,0.0083,0.0056,0.01,0.01,0.01,0.01,0,279
1576082939784565776,347,1576082939784164984,,0,-23.4,-17.37,0.28,29.14,3.78017860723,-0.0023,-0.0026,0.0059,0.0071,0.01,0.01,0.01,0.01,0,279
1576082939903660067,348,1576082939903177817,,0,-23.41,-17.24,0.27,29.07,3.77632875997,-0.0035,-0.0015,0.0051,0.0081,0.01,0.01,0.01,0.01,0,279
1576082939999456942,349,1576082939999127109,,0,-23.42,-17.1,0.28,29.0,3.77234138076,-0.0013,-0.0037,0.0019,0.003,0.01,0.01,0.01,0.01,0,279
1576082940093278567,350,1576082940093058359,,0,-23.42,-16.96,0.28,28.92,3.76836621885,-0.0085,-0.0065,0.0038,0.0081,0.01,0.01,0.01,0.01,0,279
1576082940198299026,351,1576082940198049443,,0,-23.43,-16.82,0.28,28.84,3.7643987364,-0.0016,-0.0075,0.0077,0.0094,0.01,0.01,0.01,0.01,0,279
1576082940298266026,352,1576082940298035693,,0,-23.44,-16.68,0.28,28.78,3.76008742408,-0.0078,-0.0064,0.0042,0.0005,0.01,0.01,0.01,0.01,0,279
1576082940397292151,353,1576082940397036776,,0,-23.45,-16.55,0.28,28.7,3.75645260138,-0.0001,-0.0099,0.0059,0.0092,0.01,0.01,0.01,0.01,0,279
1576082940496255109,354,1576082940496045818,,0,-23.46,-16.42,0.28,28.64,3.75241809828,-0.0063,-0.0099,0.0088,0.0077,0.01,0.01,0.01,0.01,0,279
1576082940590601568,355,1576082940590184943,,0,-23.47,-16.3,0.28,28.57,3.74875919004,-0.0002,-0.005,0.0084,0.0095,0.01,0.01,0.01,0.01,0,279
1576082940695478484,356,1576082940695122901,,0,-23.46,-16.18,0.29,28.5,3.74526085208,-0.0086,-0.0024,0.0031,0.0084,0.01,0.01,0.01,0.01,0,279
1576082940796228943,357,1576082940796031693,,0,-23.46,-16.05,0.29,28.44,3.74168083272,-0.0099,-0.0097,0.0042,0.0001,0.01,0.01,0.01,0.01,0,279
1576082940904279693,358,1576082940904055859,,0,-23.46,-15.94,0.29,28.36,3.73837413192,-0.0039,-0.0019,0.0099,0.0088,0.01,0.01,0.01,0.01,0,279
1576082940996602568,359,1576082940996163734,,0,-23.46,-15.82,0.3,28.3,3.73492605945,-0.0023,-0.0028,0.0009,0.0007,0.01,0.01,0.01,0.01,0,279
1576082941098616901,360,1576082941098206068,,0,-23.44,-15.7,0.3,28.22,3.73169161528,-0.0069,-0.0023,0.0006,0.0007,0.01,0.01,0.01,0.01,0,279
1576082941200628318,361,1576082941200199943,,0,-23.43,-15.58,0.3,28.14,3.72868615831,-0.0004,-0.0095,0.0095,0.0045,0.01,0.01,0.01,0.01,0,279
1576082941298512151,362,1576082941298181151,,0,-23.42,-15.48,0.3,28.07,3.72564649288,-0.0001,-0.0001,0.0099,0.0054,0.01,0.01,0.01,0.01,0,279
1576082941396561568,363,1576082941396207443,,0,-23.4,-15.37,0.31,28.0,3.72290074091,-0.0069,-0.0092,0.0022,0.0089,0.01,0.01,0.01,0.01,0,279
1576082941489552068,364,1576082941489248318,,0,-23.39,-15.28,0.31,27.94,3.72037594761,-0.0008,-0.0043,0.0051,0.0035,0.01,0.01,0.01,0.01,0,279
1576082941594656693,365,1576082941594179068,,0,-23.37,-15.18,0.31,27.87,3.71780298323,-0.0062,-0.009,0.0017,0.0092,0.01,0.01,0.01,0.01,0,279
1576082941697414401,366,1576082941697088943,,0,-23.36,-15.09,0.3,27.81,3.71526283103,-0.0019,-0.0055,0.0093,0.0063,0.01,0.01,0.01,0.01,0,279
1576082941797577318,367,1576082941797143151,,0,-23.34,-15.01,0.31,27.75,3.71311293446,-0.0027,-0.002,0.0047,0.005,0.01,0.01,0.01,0.01,0,279
1576082941900442734,368,1576082941900165401,,0,-23.31,-14.92,0.32,27.68,3.71114210867,-0.0057,-0.0098,0.0009,0.008,0.01,0.01,0.01,0.01,0,279
1576082941985296193,369,1576082941985060943,,0,-23.28,-14.83,0.32,27.61,3.70903828879,-0.0028,-0.0098,0.0024,0.0018,0.01,0.01,0.01,0.01,0,279
1576082942086291776,370,1576082942086059526,,0,-23.25,-14.74,0.32,27.53,3.70655608153,-0.0082,-0.003,0.0025,0.0092,0.01,0.01,0.01,0.01,0,279
1576082942197421776,371,1576082942197092026,,0,-23.21,-14.64,0.31,27.45,3.70443166676,-0.0092,-0.0093,0.0062,0.006,0.01,0.01,0.01,0.01,0,279
1576082942299610859,372,1576082942299171693,,0,-23.18,-14.56,0.31,27.38,3.70232435622,-0.0083,-0.0015,0.0052,0.0031,0.01,0.01,0.01,0.01,0,279
1576082942393264401,373,1576082942393049901,,0,-23.14,-14.48,0.3,27.3,3.70067118035,-0.0092,-0.0037,0.0099,0.0086,0.01,0.01,0.01,0.01,0,279
1576082942498230734,374,1576082942498033401,,0,-23.11,-14.4,0.3,27.23,3.69892899269,-0.0007,-0.0036,0.0083,0.0035,0.01,0.01,0.01,0.01,0,279
1576082942598421276,375,1576082942598079401,,0,-23.07,-14.32,0.3,27.16,3.69736587582,-0.0026,-0.0099,0.0017,0.0021,0.01,0.01,0.01,0.01,0,279
1576082942698233901,376,1576082942698034818,,0,-23.03,-14.25,0.29,27.08,3.69570536957,-0.0002,-0.0006,0.0098,0.0043,0.01,0.01,0.01,0.01,0,279
1576082942796251568,377,1576082942796050026,,0,-22.97,-14.17,0.29,26.99,3.69424278365,-0.0066,-0.001,0.0039,0.0069,0.01,0.01,0.01,0.01,0,279
1576082942904591234,378,1576082942904175818,,0,-22.92,-14.09,0.29,26.91,3.69286083195,-0.0025,-0.0039,0.0001,0.0003,0.01,0.01,0.01,0.01,0,279
1576082943001290276,379,1576082943001046026,,0,-22.86,-14.01,0.28,26.81,3.69153403265,-0.0025,-0.0053,0.0023,0.0079,0.01,0.01,0.01,0.01,0,279
1576082943099554860,380,1576082943099209985,,0,-22.79,-13.94,0.28,26.72,3.69056642212,-0.0044,-0.0032,0.0019,0.0022,0.01,0.01,0.01,0.01,0,279
1576082943198578568,381,1576082943198139110,,0,-22.72,-13.87,0.28,26.62,3.68962708591,-0.0043,-0.001,0.0092,0.0049,0.01,0.01,0.01,0.01,0,279
1576082943294267901,382,1576082943294056693,,0,-22.64,-13.79,0.29,26.52,3.68874185492,-0.008,-0.0069,0.0023,0.0012,0.01,0.01,0.01,0.01,0,279
1576082943396594360,383,1576082943396169401,,0,-22.55,-13.72,0.28,26.4,3.68822523746,-0.0059,-0.0048,0.0062,0.005,0.01,0.01,0.01,0.01,0,279
1576082943496615026,384,1576082943496187485,,0,-22.46,-13.65,0.28,26.28,3.68790828567,-0.0002,-0.0068,0.0072,0.0078,0.01,0.01,0.01,0.01,0,279
1576082943596243818,385,1576082943596042276,,0,-22.34,-13.57,0.28,26.15,3.68757388058,-0.0094,-0.0092,0.0096,0.0029,0.01,0.01,0.01,0.01,0,279
1576082943694595026,386,1576082943694210401,,0,-22.23,-13.5,0.28,26.01,3.6876105325,-0.003,-0.0096,0.0044,0.0072,0.01,0.01,0.01,0.01,0,279
1576082943785528443,387,1576082943785198610,,0,-22.11,-13.43,0.28,25.87,3.68760215492,-0.0056,-0.0081,0.0036,0.0098,0.01,0.01,0.01,0.01,0,279
1576082943905271151,388,1576082943905049110,,0,-21.99,-13.36,0.28,25.73,3.68770163868,-0.0036,-0.0069,0.0048,0.0085,0.01,0.01,0.01,0.01,0,279
1576082943998277235,389,1576082943998047693,,0,-21.87,-13.29,0.28,25.6,3.68785208606,-0.0061,-0.01,0.0027,0.0034,0.01,0.01,0.01,0.01,0,279
1576082944096573985,390,1576082944096163485,,0,-21.75,-13.23,0.27,25.46,3.68828318239,-0.0047,-0.0091,0.0063,0.008,0.01,0.01,0.01,0.01,0,279
1576082944190590943,391,1576082944190179610,,0,-21.62,-13.16,0.27,25.32,3.68859454913,-0.0048,-0.0092,0.005,0.0007,0.01,0.01,0.01,0.01,0,279
1576082944287342401,392,1576082944287078943,,0,-21.5,-13.1,0.26,25.18,3.68897572904,-0.0017,-0.0055,0.0052,0.0023,0.01,0.01,0.01,0.01,0,279
1576082944396242485,393,1576082944396035401,,0,-21.37,-13.04,0.26,25.03,3.68967106821,-0.0001,-0.0057,0.0022,0.0088,0.01,0.01,0.01,0.01,0,279
1576082944495678985,394,1576082944495220693,,0,-21.23,-12.98,0.25,24.89,3.69029694328,-0.0078,-0.0031,0.005,0.0032,0.01,0.01,0.01,0.01,0,279
1576082944597241526,395,1576082944597038068,,0,-21.09,-12.91,0.25,24.73,3.69112806907,-0.0011,-0.0076,0.0084,0.0039,0.01,0.01,0.01,0.01,0,279
1576082944695606693,396,1576082944695174985,,0,-20.94,-12.85,0.25,24.57,3.69184749379,-0.0072,-0.0002,0.0043,0.0059,0.01,0.01,0.01,0.01,0,279
1576082944795586610,397,1576082944795191235,,0,-20.79,-12.78,0.24,24.4,3.69276414071,-0.0025,-0.0015,0.009,0.0081,0.01,0.01,0.01,0.01,0,279
1576082944901627901,398,1576082944901170193,,0,-20.63,-12.71,0.25,24.23,3.69372372273,-0.0036,-0.0012,0.0092,0.0061,0.01,0.01,0.01,0.01,0,279
1576082944997290985,399,1576082944997050276,,0,-20.48,-12.63,0.25,24.07,3.69426931266,-0.0058,-0.0055,0.0025,0.0005,0.01,0.01,0.01,0.01,0,279
1576082945090582610,400,1576082945090176401,,0,-20.34,-12.56,0.24,23.91,3.6949915299,-0.0008,-0.0064,0.0013,0.0007,0.01,0.01,0.01,0.01,0,279
1576082945195638568,401,1576082945195218110,,0,-20.19,-12.49,0.24,23.75,3.69578530565,-0.0069,-0.0096,0.0011,0.0031,0.01,0.01,0.01,0.01,0,279
1576082945298493485,402,1576082945298160610,,0,-20.05,-12.43,0.24,23.59,3.69649076773,-0.0047,-0.0012,0.0006,0.0063,0.01,0.01,0.01,0.01,0,279
1576082945397570985,403,1576082945397161943,,0,-19.9,-12.36,0.23,23.43,3.69752365358,-0.0074,-0.0084,0.0003,0.0079,0.01,0.01,0.01,0.01,0,279
1576082945485592026,404,1576082945485172026,,0,-19.77,-12.3,0.22,23.28,3.6982277194,0.0,-0.0023,0.0051,0.0063,0.01,0.01,0.01,0.01,0,279
1576082945596595193,405,1576082945596200151,,0,-19.63,-12.24,0.22,23.13,3.69925781273,-0.0025,-0.0048,0.0014,0.0091,0.01,0.01,0.01,0.01,0,279
1576082945694561735,406,1576082945694194901,,0,-19.49,-12.17,0.21,22.98,3.69979921386,-0.0029,-0.0024,0.0057,0.0023,0.01,0.01,0.01,0.01,0,279
1576082945794293152,407,1576082945794081360,,0,-19.34,-12.11,0.2,22.82,3.70087992173,-0.0091,-0.0017,0.0067,0.0082,0.01,0.01,0.01,0.01,0,279
1576082945902290777,408,1576082945902064443,,0,-19.2,-12.04,0.2,22.67,3.701708255,-0.0098,-0.0067,0.0076,0.0055,0.01,0.01,0.01,0.01,0,279
1576082945991600860,409,1576082945991174027,,0,-19.06,-11.98,0.2,22.52,3.70279384979,-0.0055,-0.005,0.0046,0.0006,0.01,0.01,0.01,0.01,0,279
1576082946095533068,410,1576082946095232527,,0,-18.91,-11.92,0.2,22.36,3.70389724694,-0.0067,-0.0006,0.0032,0.0004,0.01,0.01,0.01,0.01,0,279
1576082946198275735,411,1576082946198058152,,0,-18.78,-11.85,0.19,22.21,3.70449135702,-0.0053,-0.0034,0.0052,0.0032,0.01,0.01,0.01,0.01,0,279
1576082946299289943,412,1576082946299079402,,0,-18.64,-11.79,0.18,22.06,3.70553750737,-0.0052,-0.0023,0.003,0.0021,0.01,0.01,0.01,0.01,0,279
1576082946398259068,413,1576082946398054610,,0,-18.5,-11.72,0.18,21.91,3.70646916413,-0.0076,-0.0095,0.0053,0.0023,0.01,0.01,0.01,0.01,0,279
1576082946499255568,414,1576082946499064652,,0,-18.36,-11.66,0.18,21.75,3.70757709914,-0.002,-0.0057,0.0016,0.0051,0.01,0.01,0.01,0.01,0,279
1576082946597510818,415,1576082946597188818,,0,-18.21,-11.59,0.16,21.59,3.70856251203,-0.0086,-0.0098,0.0064,0.0086,0.01,0.01,0.01,0.01,0,279
1576082946696250943,416,1576082946696050693,,0,-18.08,-11.52,0.16,21.44,3.70909832811,-0.0004,-0.0054,0.006,0.0021,0.01,0.01,0.01,0.01,0,279
1576082946798249277,417,1576082946798043485,,0,-17.94,-11.45,0.16,21.28,3.7099182838,-0.002,-0.0079,0.0064,0.0091,0.01,0.01,0.01,0.01,0,279
1576082946898269860,418,1576082946898057985,,0,-17.8,-11.38,0.15,21.13,3.71077105167,-0.0003,-0.0088,0.0014,0.0024,0.01,0.01,0.01,0.01,0,279
1576082947001578152,419,1576082947001207902,,0,-17.66,-11.32,0.15,20.98,3.71143706931,-0.0076,-0.0005,0.0089,0.0039,0.01,0.01,0.01,0.01,0,279
1576082947097268818,420,1576082947097037818,,0,-17.54,-11.25,0.15,20.84,3.71180533378,-0.0043,-0.0006,0.0036,0.0023,0.01,0.01,0.01,0.01,0,279
1576082947197424027,421,1576082947197099277,,0,-17.41,-11.19,0.14,20.7,3.71262773293,-0.0085,-0.0002,0.0088,0.0038,0.01,0.01,0.01,0.01,0,279
1576082947299266527,422,1576082947299053860,,0,-17.3,-11.12,0.13,20.56,3.71290558934,-0.0014,-0.0017,0.0031,0.0082,0.01,0.01,0.01,0.01,0,279
1576082947396234777,423,1576082947396041777,,0,-17.15,-11.06,0.13,20.41,3.71424390782,-0.007,-0.0014,0.0067,0.0041,0.01,0.01,0.01,0.01,0,279
1576082947495255360,424,1576082947495049110,,0,-17.03,-10.98,0.13,20.26,3.71465615458,-0.0008,-0.01,0.0003,0.0093,0.01,0.01,0.01,0.01,0,279
1576082947593251318,425,1576082947593064443,,0,-16.91,-10.92,0.12,20.13,3.71494867177,-0.0061,-0.0029,0.0099,0.0065,0.01,0.01,0.01,0.01,0,279
1576082947696240902,426,1576082947696036443,,0,-16.76,-10.84,0.12,19.96,3.7156893895,-0.0069,-0.0042,0.003,0.0085,0.01,0.01,0.01,0.01,0,279
1576082947785602943,427,1576082947785177985,,0,-16.63,-10.77,0.1,19.82,3.71618366675,-0.0077,-0.0023,0.0017,0.0008,0.01,0.01,0.01,0.01,0,279
1576082947889561777,428,1576082947889190527,,0,-16.49,-10.69,0.12,19.66,3.71692368635,-0.0056,-0.0076,0.0063,0.0011,0.01,0.01,0.01,0.01,0,279
1576082947995574568,429,1576082947995226818,,0,-16.34,-10.61,0.1,19.49,3.71750662632,-0.0087,-0.0059,0.0082,0.0034,0.01,0.01,0.01,0.01,0,279
1576082948096265610,430,1576082948096044568,,0,-16.19,-10.52,0.11,19.31,3.71795308154,-0.0086,-0.0088,0.0024,0.01,0.01,0.01,0.01,0.01,0,279
1576082948196437902,431,1576082948196101235,,0,-16.05,-10.44,0.11,19.15,3.71857022997,-0.0045,-0.0092,0.0061,0.0059,0.01,0.01,0.01,0.01,0,279
1576082948296621693,432,1576082948296154193,,0,-15.92,-10.36,0.1,18.99,3.71851821915,-0.0038,-0.0029,0.001,0.0091,0.01,0.01,0.01,0.01,0,279
1576082948401602818,433,1576082948401176402,,0,-15.78,-10.28,0.1,18.84,3.71873498905,-0.0093,-0.0003,0.0019,0.0013,0.01,0.01,0.01,0.01,0,279
1576082948496254485,434,1576082948496038985,,0,-15.65,-10.19,0.1,18.67,3.71887636072,-0.0023,-0.0043,0.0009,0.0096,0.01,0.01,0.01,0.01,0,279
1576082948587520027,435,1576082948587203569,,0,-15.52,-10.1,0.08,18.52,3.7188397088,-0.0012,-0.008,0.0057,0.0026,0.01,0.01,0.01,0.01,0,279
1576082948693246944,436,1576082948693038777,,0,-15.39,-10.02,0.09,18.36,3.71871125257,-0.0028,-0.0016,0.0008,0.0079,0.01,0.01,0.01,0.01,0,279
1576082948796257069,437,1576082948796048319,,0,-15.25,-9.94,0.07,18.21,3.71926417288,-0.0079,-0.0058,0.0061,0.0034,0.01,0.01,0.01,0.01,0,279
1576082948906285194,438,1576082948906062194,,0,-15.12,-9.86,0.07,18.06,3.71932491033,-0.0089,-0.003,0.0008,0.0001,0.01,0.01,0.01,0.01,0,279
1576082948999293444,439,1576082948999074235,,0,-14.99,-9.77,0.06,17.9,3.71935702439,-0.0079,-0.0083,0.0031,0.0041,0.01,0.01,0.01,0.01,0,279
1576082949095561527,440,1576082949095206277,,0,-14.85,-9.7,0.05,17.74,3.72000419248,-0.0081,-0.0009,0.0057,0.0047,0.01,0.01,0.01,0.01,0,279
1576082949201274110,441,1576082949201056652,,0,-14.72,-9.62,0.05,17.58,3.7203647775,-0.004,-0.0009,0.0062,0.0087,0.01,0.01,0.01,0.01,0,279
1576082949299237985,442,1576082949299044402,,0,-14.59,-9.54,0.05,17.43,3.72089047067,-0.0032,-0.0064,0.0094,0.0084,0.01,0.01,0.01,0.01,0,279
1576082949398242360,443,1576082949398042569,,0,-14.46,-9.46,0.04,17.28,3.72111841067,-0.0026,-0.0056,0.0004,0.0048,0.01,0.01,0.01,0.01,0,279
1576082949496304860,444,1576082949496080860,,0,-14.33,-9.39,0.03,17.13,3.7215474126,-0.0054,-0.0012,0.0088,0.0077,0.01,0.01,0.01,0.01,0,279
1576082949589570610,445,1576082949589230027,,0,-14.21,-9.32,0.04,16.99,3.72213663576,-0.0002,-0.0011,0.0093,0.0046,0.01,0.01,0.01,0.01,0,279
1576082949694558860,446,1576082949694205402,,0,-14.07,-9.23,0.03,16.83,3.72227032798,-0.0075,-0.0068,0.0091,0.0074,0.01,0.01,0.01,0.01,0,279
1576082949795577277,447,1576082949795206860,,0,-13.94,-9.15,0.02,16.67,3.72246929551,-0.0014,-0.0014,0.0054,0.0066,0.01,0.01,0.01,0.01,0,279
1576082949901583985,448,1576082949901206444,,0,-13.81,-9.07,0.02,16.52,3.72293425123,-0.003,-0.0063,0.0037,0.0081,0.01,0.01,0.01,0.01,0,279
1576082949997432069,449,1576082949997091527,,0,-13.68,-8.99,0.01,16.37,3.72323863665,-0.0003,-0.0051,0.0087,0.0026,0.01,0.01,0.01,0.01,0,279
1576082950096540069,450,1576082950096188985,,0,-13.55,-8.9,0.0,16.21,3.72300057374,-0.0045,-0.0078,0.0014,0.0095,0.01,0.01,0.01,0.01,0,279
1576082950190621027,451,1576082950190180194,,0,-13.43,-8.82,0.0,16.07,3.7228302296,-0.0013,-0.0035,0.005,0.0003,0.01,0.01,0.01,0.01,0,279
1576082950301233152,452,1576082950301039735,,0,-13.3,-8.75,0.0,15.92,3.7234732089,-0.0013,-0.0004,0.0019,0.0014,0.01,0.01,0.01,0.01,0,279
1576082950401254069,453,1576082950401046402,,0,-13.18,-8.67,0.0,15.77,3.72340479199,-0.0027,-0.001,0.0021,0.0088,0.01,0.01,0.01,0.01,0,279
1576082950483418319,454,1576082950483143319,,0,-13.05,-8.59,0.0,15.62,3.72372348911,-0.0027,-0.0015,-0.0057,0.0065,0.01,0.01,0.01,0.01,0,279
1576082950585619319,455,1576082950585143902,,0,-12.92,-8.5,-0.01,15.47,3.72357513613,-0.0082,-0.0068,-0.0083,0.0059,0.01,0.01,0.01,0.01,0,279
1576082950699575610,456,1576082950699198152,,0,-12.79,-8.43,-0.02,15.32,3.72429072112,-0.0019,-0.0003,-0.009,0.0,0.01,0.01,0.01,0.01,0,279
1576082950800662569,457,1576082950800170402,,0,-12.67,-8.35,-0.02,15.17,3.72424813509,-0.0027,-0.001,-0.0032,0.0069,0.01,0.01,0.01,0.01,0,279
1576082950903292194,458,1576082950903074819,,0,-12.53,-8.27,-0.02,15.02,3.72497803178,-0.0093,-0.0062,-0.0059,0.0043,0.01,0.01,0.01,0.01,0,279
1576082950999287152,459,1576082950999065610,,0,-12.41,-8.19,-0.04,14.87,3.72511765812,-0.0012,-0.0041,-0.0018,0.0023,0.01,0.01,0.01,0.01,0,279
1576082951098456069,460,1576082951098147152,,0,-12.28,-8.11,-0.04,14.72,3.72514383806,-0.0084,-0.0035,-0.0084,0.0054,0.01,0.01,0.01,0.01,0,279
1576082951196619610,461,1576082951196177985,,0,-12.15,-8.03,-0.03,14.57,3.72581613889,-0.0062,-0.0079,-0.0075,0.0033,0.01,0.01,0.01,0.01,0,279
1576082951297339444,462,1576082951297088110,,0,-12.03,-7.95,-0.04,14.42,3.72564055877,-0.0079,-0.0067,-0.0067,0.0099,0.01,0.01,0.01,0.01,0,279
1576082951391563111,463,1576082951391197402,,0,-11.9,-7.88,-0.07,14.28,3.72645842005,-0.0083,-0.005,-0.001,0.0024,0.01,0.01,0.01,0.01,0,279
1576082951496245402,464,1576082951496040902,,0,-11.78,-7.8,-0.06,14.13,3.72659315947,-0.0016,-0.0034,-0.0023,0.0016,0.01,0.01,0.01,0.01,0,279
1576082951596271652,465,1576082951596058152,,0,-11.65,-7.72,-0.06,13.98,3.72714014566,-0.0045,-0.0084,-0.0067,0.0043,0.01,0.01,0.01,0.01,0,279
1576082951696277861,466,1576082951696063152,,0,-11.53,-7.63,-0.07,13.83,3.72643782517,-0.0066,-0.0085,-0.0026,0.0064,0.01,0.01,0.01,0.01,0,279
1576082951795479277,467,1576082951795177444,,0,-11.4,-7.55,-0.07,13.68,3.72668531286,-0.0099,-0.0088,-0.0004,0.0067,0.01,0.01,0.01,0.01,0,279
1576082951903547569,468,1576082951903195611,,0,-11.28,-7.47,-0.08,13.53,3.72654533745,-0.0039,-0.003,-0.0039,0.0043,0.01,0.01,0.01,0.01,0,279
1576082951998594736,469,1576082951998203402,,0,-11.15,-7.38,-0.07,13.38,3.72614077013,-0.0083,-0.0033,-0.0081,0.0001,0.01,0.01,0.01,0.01,0,279
1576082952095512111,470,1576082952095205902,,0,-11.03,-7.29,-0.08,13.22,3.72553025396,-0.0046,-0.0018,-0.009,0.0065,0.01,0.01,0.01,0.01,0,279
1576082952197256777,471,1576082952197043611,,0,-10.91,-7.2,-0.09,13.07,3.72479931007,-0.0034,-0.0002,-0.0013,0.0049,0.01,0.01,0.01,0.01,0,279
1576082952291531486,472,1576082952291211819,,0,-10.78,-7.11,-0.09,12.92,3.72445303674,-0.0088,-0.0027,-0.0053,0.0027,0.01,0.01,0.01,0.01,0,279
1576082952398303819,473,1576082952398078611,,0,-10.66,-7.01,-0.1,12.76,3.72357583426,-0.0061,-0.0084,-0.0005,0.0084,0.01,0.01,0.01,0.01,0,279
1576082952496551444,474,1576082952496177319,,0,-10.53,-6.93,-0.09,12.61,3.72345086869,-0.0094,-0.0031,-0.0027,0.0057,0.01,0.01,0.01,0.01,0,279
1576082952595561527,475,1576082952595195861,,0,-10.41,-6.84,-0.09,12.46,3.72285710767,-0.007,-0.0037,-0.0093,0.0043,0.01,0.01,0.01,0.01,0,279
1576082952694572527,476,1576082952694215194,,0,-10.29,-6.74,-0.12,12.31,3.72153100651,-0.0084,-0.0063,-0.0007,0.0019,0.01,0.01,0.01,0.01,0,279
1576082952795539402,477,1576082952795195486,,0,-10.17,-6.65,-0.11,12.15,3.72097948246,-0.002,-0.0054,-0.0079,0.0064,0.01,0.01,0.01,0.01,0,279
1576082952902452694,478,1576082952902166236,,0,-10.04,-6.56,-0.12,12.0,3.72062168997,-0.0067,-0.0083,-0.0004,0.0039,0.01,0.01,0.01,0.01,0,279
1576082952994614819,479,1576082952994210486,,0,-9.92,-6.48,-0.11,11.85,3.71996649337,-0.0067,-0.0006,-0.0086,0.0055,0.01,0.01,0.01,0.01,0,279
1576082953096302277,480,1576082953096063277,,0,-9.8,-6.39,-0.12,11.7,3.71940449735,-0.0059,-0.0039,-0.0003,0.0069,0.01,0.01,0.01,0.01,0,279
1576082953191312444,481,1576082953191084361,,0,-9.67,-6.3,-0.12,11.54,3.71909313061,-0.0055,-0.0045,-0.0036,0.0089,0.01,0.01,0.01,0.01,0,279
1576082953295514611,482,1576082953295183277,,0,-9.55,-6.21,-0.13,11.39,3.71823442862,-0.0001,-0.0012,-0.0049,0.003,0.01,0.01,0.01,0.01,0,279
1576082953396282236,483,1576082953396060861,,0,-9.42,-6.11,-0.12,11.23,3.71734640509,-0.0012,-0.0055,-0.0095,0.0028,0.01,0.01,0.01,0.01,0,279
1576082953495310361,484,1576082953495095694,,0,-9.29,-6.02,-0.14,11.07,3.71674112491,-0.0003,-0.0025,-0.0048,0.0025,0.01,0.01,0.01,0.01,0,279
1576082953594258319,485,1576082953594050402,,0,-9.16,-5.92,-0.14,10.91,3.71576339146,-0.0068,-0.0097,-0.0062,0.0085,0.01,0.01,0.01,0.01,0,279
1576082953695253111,486,1576082953695044111,,0,-9.04,-5.83,-0.16,10.76,3.71476960099,-0.0051,-0.0083,-0.0001,0.0069,0.01,0.01,0.01,0.01,0,279
1576082953794422527,487,1576082953794144194,,0,-8.91,-5.75,-0.14,10.61,3.71450291468,-0.0072,-0.0023,-0.009,0.0026,0.01,0.01,0.01,0.01,0,279
1576082953890289361,488,1576082953890062694,,0,-8.79,-5.66,-0.16,10.45,3.71361349489,-0.0026,-0.0009,-0.0022,0.0085,0.01,0.01,0.01,0.01,0,279
1576082953995583486,489,1576082953995226486,,0,-8.65,-5.57,-0.15,10.29,3.71331434546,-0.0089,-0.0011,-0.0048,0.0074,0.01,0.01,0.01,0.01,0,279
1576082954090514819,490,1576082954090173569,,0,-8.53,-5.47,-0.15,10.14,3.71227203483,-0.0065,-0.0098,-0.008,0.0052,0.01,0.01,0.01,0.01,0,279
1576082954199348903,491,1576082954199111236,,0,-8.39,-5.38,-0.17,9.97,3.71215405057,-0.0069,-0.0088,-0.0062,0.0089,0.01,0.01,0.01,0.01,0,279
1576082954298345028,492,1576082954298100861,,0,-8.26,-5.28,-0.16,9.81,3.71066074686,-0.0094,-0.0096,-0.009,0.0079,0.01,0.01,0.01,0.01,0,279
1576082954399290861,493,1576082954399067319,,0,-8.12,-5.19,-0.17,9.65,3.71060384913,-0.0098,-0.0096,-0.0013,0.0019,0.01,0.01,0.01,0.01,0,279
1576082954495527611,494,1576082954495178236,,0,-7.99,-5.09,-0.17,9.48,3.70923411473,-0.008,-0.0099,-0.0031,0.0073,0.01,0.01,0.01,0.01,0,279
1576082954596264653,495,1576082954596040736,,0,-7.86,-5.0,-0.18,9.32,3.70816143537,-0.0068,-0.0044,-0.003,0.0055,0.01,0.01,0.01,0.01,0,279
1576082954696267653,496,1576082954696042069,,0,-7.74,-4.9,-0.18,9.17,3.70656445911,-0.0036,-0.0086,-0.0047,0.0002,0.01,0.01,0.01,0.01,0,279
1576082954794482403,497,1576082954794165403,,0,-7.61,-4.81,-0.18,9.01,3.70536402165,-0.0043,-0.0039,-0.0007,0.0002,0.01,0.01,0.01,0.01,0,279
1576082954902658278,498,1576082954902148278,,0,-7.48,-4.72,-0.18,8.85,3.70476118492,-0.0029,-0.0045,-0.0064,0.0016,0.01,0.01,0.01,0.01,0,279
1576082954990591444,499,1576082954990177694,,0,-7.37,-4.61,-0.18,8.69,3.70135569849,-0.0001,-0.0082,-0.0059,0.0095,0.01,0.01,0.01,0.01,0,279
1576082955095626486,500,1576082955095196819,,0,-7.24,-4.53,-0.18,8.54,3.70084326982,-0.0011,-0.0023,-0.0023,0.0045,0.01,0.01,0.01,0.01,0,279
1576082955195590028,501,1576082955195177028,,0,-7.11,-4.44,-0.18,8.39,3.70025614106,-0.0054,-0.0077,-0.0081,0.0032,0.01,0.01,0.01,0.01,0,279
1576082955295597236,502,1576082955295171444,,0,-6.99,-4.35,-0.19,8.23,3.69829718351,-0.0015,-0.0013,-0.0023,0.0072,0.01,0.01,0.01,0.01,0,279
1576082955395554861,503,1576082955395163153,,0,-6.85,-4.26,-0.19,8.07,3.69814499079,-0.0068,-0.006,-0.0025,0.0079,0.01,0.01,0.01,0.01,0,279
1576082955495602278,504,1576082955495169153,,0,-6.72,-4.16,-0.2,7.91,3.69644957796,-0.0066,-0.0092,-0.0081,0.0067,0.01,0.01,0.01,0.01,0,279
1576082955594424028,505,1576082955594147736,,0,-6.59,-4.07,-0.21,7.75,3.69504005006,-0.0034,-0.0038,-0.0027,0.0034,0.01,0.01,0.01,0.01,0,279
1576082955693568569,506,1576082955693152903,,0,-6.46,-3.97,-0.21,7.59,3.6931659155,-0.0048,-0.0076,-0.002,0.0034,0.01,0.01,0.01,0.01,0,279
1576082955794566278,507,1576082955794167569,,0,-6.32,-3.87,-0.22,7.42,3.6912729314,-0.0086,-0.0073,-0.0071,0.0053,0.01,0.01,0.01,0.01,0,279
1576082955895261153,508,1576082955895046028,,0,-6.19,-3.78,-0.21,7.26,3.68956320686,-0.0055,-0.0012,-0.0089,0.0015,0.01,0.01,0.01,0.01,0,279
1576082955995612986,509,1576082955995158736,,0,-6.05,-3.68,-0.21,7.09,3.68787233188,-0.0084,-0.0035,-0.0098,0.0037,0.01,0.01,0.01,0.01,0,279
1576082956095626028,510,1576082956095151694,,0,-5.93,-3.58,-0.22,6.93,3.68475098505,-0.0007,-0.0005,-0.0077,0.0014,0.01,0.01,0.01,0.01,0,279
1576082956186641653,511,1576082956186190194,,0,-5.8,-3.47,-0.23,6.76,3.68182686042,-0.0005,-0.0088,-0.0018,0.0077,0.01,0.01,0.01,0.01,0,279
1576082956295608944,512,1576082956295220194,,0,-5.67,-3.37,-0.24,6.6,3.67807754412,-0.0056,-0.0051,-0.0046,0.0079,0.01,0.01,0.01,0.01,0,279
1576082956398245944,513,1576082956398040861,,0,-5.55,-3.27,-0.24,6.44,3.67464273615,-0.0005,-0.0049,-0.0002,0.0091,0.01,0.01,0.01,0.01,0,279
1576082956500601861,514,1576082956500171194,,0,-5.42,-3.17,-0.24,6.29,3.67129589278,-0.0065,-0.0073,-0.0071,0.0031,0.01,0.01,0.01,0.01,0,279
1576082956595253819,515,1576082956595048819,,0,-5.3,-3.06,-0.25,6.13,3.66623548515,-0.0034,-0.0093,-0.0094,0.003,0.01,0.01,0.01,0.01,0,279
1576082956695756569,516,1576082956695176486,,0,-5.17,-2.98,-0.25,5.97,3.66457079011,-0.0017,-0.0016,-0.0059,0.0051,0.01,0.01,0.01,0.01,0,279
1576082956790280944,517,1576082956790057403,,0,-5.04,-2.87,-0.26,5.81,3.66028984652,-0.0049,-0.0098,-0.0064,0.0051,0.01,0.01,0.01,0.01,0,279
1576082956902454028,518,1576082956902145236,,0,-4.91,-2.77,-0.25,5.65,3.65600645947,-0.0054,-0.008,-0.0083,0.0021,0.01,0.01,0.01,0.01,0,279
1576082956996275278,519,1576082956996049695,,0,-4.78,-2.68,-0.26,5.49,3.65205293964,-0.0086,-0.0015,-0.0097,0.0049,0.01,0.01,0.01,0.01,0,279
1576082957096250486,520,1576082957096046528,,0,-4.66,-2.57,-0.27,5.33,3.64607763042,-0.0045,-0.0054,-0.0019,0.0052,0.01,0.01,0.01,0.01,0,279
1576082957196638278,521,1576082957196171986,,0,-4.53,-2.47,-0.26,5.17,3.64123538894,-0.0044,-0.0051,-0.0073,0.0029,0.01,0.01,0.01,0.01,0,279
1576082957298465903,522,1576082957298154986,,0,-4.41,-2.37,-0.27,5.01,3.6351958516,-0.0026,-0.0041,-0.0078,0.0084,0.01,0.01,0.01,0.01,0,279
1576082957398544153,523,1576082957398162445,,0,-4.29,-2.27,-0.27,4.86,3.62854754341,-0.001,-0.002,-0.0009,0.0029,0.01,0.01,0.01,0.01,0,279
1576082957495531236,524,1576082957495206945,,0,-4.17,-2.17,-0.28,4.71,3.62167408775,-0.0066,-0.0048,-0.0027,0.0074,0.01,0.01,0.01,0.01,0,279
1576082957595528486,525,1576082957595207028,,0,-4.06,-2.07,-0.28,4.56,3.61343648275,-0.001,-0.0023,-0.0036,0.0079,0.01,0.01,0.01,0.01,0,279
1576082957689431195,526,1576082957689147403,,0,-3.93,-1.96,-0.29,4.41,3.60526589839,-0.0093,-0.0098,-0.0068,0.0043,0.01,0.01,0.01,0.01,0,279
1576082957794422820,527,1576082957794154320,,0,-3.81,-1.87,-0.31,4.26,3.59755712815,-0.0092,-0.003,-0.0018,0.0051,0.01,0.01,0.01,0.01,0,279
1576082957902288695,528,1576082957902063278,,0,-3.68,-1.76,-0.3,4.09,3.58758222241,-0.008,-0.0033,-0.0062,0.0093,0.01,0.01,0.01,0.01,0,279
1576082958000271236,529,1576082958000046986,,0,-3.56,-1.66,-0.31,3.94,3.57871106288,-0.0011,-0.004,-0.0021,0.0031,0.01,0.01,0.01,0.01,0,279
1576082958093264945,530,1576082958093050320,,0,-3.43,-1.55,-0.32,3.78,3.5676704591,-0.0025,-0.0079,-0.0058,0.0035,0.01,0.01,0.01,0.01,0,279
1576082958187289445,531,1576082958187065445,,0,-3.3,-1.46,-0.32,3.63,3.55825615312,-0.0071,-0.0036,-0.0087,0.0014,0.01,0.01,0.01,0.01,0,279
1576082958295621528,532,1576082958295176611,,0,-3.18,-1.36,-0.32,3.48,3.54622594765,-0.0078,-0.0052,-0.005,0.003,0.01,0.01,0.01,0.01,0,279
1576082958396302278,533,1576082958396080570,,0,-3.06,-1.26,-0.34,3.33,3.53351855443,-0.0082,-0.0081,-0.007,0.0081,0.01,0.01,0.01,0.01,0,279
1576082958496592320,534,1576082958496159111,,0,-2.96,-1.17,-0.35,3.2,3.51894645144,-0.0019,-0.0039,-0.0085,0.0061,0.01,0.01,0.01,0.01,0,279
1576082958589595486,535,1576082958589177403,,0,-2.84,-1.08,-0.37,3.06,3.50479706719,-0.0087,-0.0027,-0.001,0.01,0.01,0.01,0.01,0.01,0,279
1576082958694651070,536,1576082958694176778,,0,-2.73,-0.99,-0.38,2.93,3.49080720604,-0.0005,-0.0043,-0.0009,0.0008,0.01,0.01,0.01,0.01,0,279
1576082958795278111,537,1576082958795057278,,0,-2.6,-0.89,-0.38,2.77,3.4720375862,-0.0032,-0.0029,-0.0065,0.0091,0.01,0.01,0.01,0.01,0,279
1576082958902304695,538,1576082958902065111,,0,-2.47,-0.79,-0.4,2.63,3.45193907266,-0.0093,-0.0051,-0.0018,0.0045,0.01,0.01,0.01,0.01,0,279
1576082958994592986,539,1576082958994175611,,0,-2.35,-0.7,-0.39,2.48,3.43143075582,-0.0005,-0.001,-0.0019,0.0039,0.01,0.01,0.01,0.01,0,279
1576082959096330570,540,1576082959096091486,,0,-2.23,-0.59,-0.4,2.34,3.40358891453,-0.0038,-0.009,-0.0048,0.0078,0.01,0.01,0.01,0.01,0,279
1576082959199441070,541,1576082959199120403,,0,-2.1,-0.5,-0.4,2.2,3.37707666506,-0.0097,-0.0062,-0.0095,0.0079,0.01,0.01,0.01,0.01,0,279
1576082959298411778,542,1576082959298079278,,0,-1.98,-0.4,-0.41,2.07,3.34247237105,-0.0094,-0.0051,-0.0019,0.0016,0.01,0.01,0.01,0.01,0,279
1576082959398598861,543,1576082959398158361,,0,-1.86,-0.3,-0.42,1.93,3.3032911256,-0.0076,-0.0046,-0.0068,0.0098,0.01,0.01,0.01,0.01,0,279
1576082959490609736,544,1576082959490180861,,0,-1.74,-0.2,-0.43,1.81,3.25946800248,-0.0085,-0.0071,-0.0063,0.0039,0.01,0.01,0.01,0.01,0,279
1576082959595242361,545,1576082959595041028,,0,-1.62,-0.11,-0.45,1.69,3.21424337997,-0.0071,-0.0084,-0.0016,0.0028,0.01,0.01,0.01,0.01,0,279
1576082959695596945,546,1576082959695168945,,0,-1.5,-0.01,-0.46,1.57,3.15344832613,-0.0033,-0.0078,-0.0026,0.003,0.01,0.01,0.01,0.01,0,279
1576082959796293695,547,1576082959796067153,,0,-1.38,0.07,-0.45,1.45,3.08611910864,-0.0022,0.0068,-0.0096,0.0086,0.01,0.01,0.01,0.01,0,279
1576082959902252862,548,1576082959902049737,,0,-1.25,0.17,-0.46,1.35,2.99946316222,-0.0063,0.0098,-0.0075,0.0024,0.01,0.01,0.01,0.01,0,279
1576082959996310570,549,1576082959996051320,,0,-1.13,0.28,-0.48,1.26,2.89822813148,-0.0074,0.0024,-0.0025,0.0074,0.01,0.01,0.01,0.01,0,279
1576082960087650487,550,1576082960087171862,,0,-1.01,0.37,-0.47,1.18,2.78284685809,-0.0012,0.0092,-0.0068,0.0005,0.01,0.01,0.01,0.01,0,279
1576082960198589487,551,1576082960198192362,,0,-0.88,0.47,-0.47,1.11,2.64960807393,-0.0088,0.0064,-0.0068,0.0055,0.01,0.01,0.01,0.01,0,279
1576082960300298570,552,1576082960300073445,,0,-0.76,0.57,-0.49,1.08,2.49725863259,-0.0087,0.0075,-0.0033,0.0007,0.01,0.01,0.01,0.01,0,279
1576082960392458028,553,1576082960392149737,,0,-0.66,0.66,-0.49,1.06,2.35219035582,-0.0028,0.0082,-0.0032,0.0026,0.01,0.01,0.01,0.01,0,279
1576082960497266153,554,1576082960497051070,,0,-0.54,0.76,-0.5,1.06,2.19059485824,-0.0039,0.0022,-0.004,0.0034,0.01,0.01,0.01,0.01,0,279
1576082960596607570,555,1576082960596173362,,0,-0.42,0.86,-0.5,1.08,2.02473936101,-0.0022,0.0053,-0.0055,0.0074,0.01,0.01,0.01,0.01,0,279
1576082960695459612,556,1576082960695216237,,0,-0.3,0.95,-0.5,1.12,1.88327484008,-0.009,0.0064,-0.005,0.0048,0.01,0.01,0.01,0.01,0,279
1576082960795536195,557,1576082960795148737,,0,-0.19,1.05,-0.51,1.18,1.75364330242,-0.0046,0.0021,-0.0018,0.0061,0.01,0.01,0.01,0.01,0,279
1576082960903294653,558,1576082960903069778,,0,-0.07,1.14,-0.5,1.24,1.63400726538,-0.0022,0.0007,-0.0044,0.0093,0.01,0.01,0.01,0.01,0,279
1576082960995605403,559,1576082960995181487,,0,0.03,1.22,-0.51,1.33,1.54009738152,0.0076,0.0052,-0.0085,0.0009,0.01,0.01,0.01,0.01,0,279
1576082961095618195,560,1576082961095165612,,0,0.16,1.31,-0.52,1.42,1.4493025613,0.0001,0.0011,-0.0035,0.0008,0.01,0.01,0.01,0.01,0,279
1576082961197284070,561,1576082961197054820,,0,0.26,1.4,-0.51,1.52,1.38550903181,0.0038,0.0071,-0.0087,0.0027,0.01,0.01,0.01,0.01,0,279
1576082961291651320,562,1576082961291181112,,0,0.37,1.47,-0.51,1.6,1.32492376655,0.0003,0.0056,-0.0079,0.0071,0.01,0.01,0.01,0.01,0,279
1576082961395524820,563,1576082961395201862,,0,0.48,1.54,-0.51,1.69,1.27002443493,0.0002,0.0083,-0.001,0.0097,0.01,0.01,0.01,0.01,0,279
1576082961494466612,564,1576082961494165737,,0,0.57,1.61,-0.52,1.79,1.22851858546,0.0054,0.0048,-0.0028,0.0022,0.01,0.01,0.01,0.01,0,279
1576082961594588528,565,1576082961594151528,,0,0.69,1.67,-0.51,1.88,1.17677585632,0.0044,0.0001,-0.0055,0.0007,0.01,0.01,0.01,0.01,0,279
1576082961692590695,566,1576082961692168070,,0,0.79,1.73,-0.53,1.97,1.14001730241,0.0054,0.0008,-0.0028,0.008,0.01,0.01,0.01,0.01,0,279
1576082961794713945,567,1576082961794164278,,0,0.89,1.78,-0.53,2.06,1.10436912697,0.0072,0.0019,-0.0061,0.0058,0.01,0.01,0.01,0.01,0,279
1576082961901573028,568,1576082961901178737,,0,0.99,1.83,-0.53,2.15,1.07418784635,0.0049,0.006,-0.0031,0.0052,0.01,0.01,0.01,0.01,0,279
1576082961995292195,569,1576082961995065737,,0,1.1,1.87,-0.52,2.24,1.03975651446,0.0038,0.0094,-0.001,0.001,0.01,0.01,0.01,0.01,0,279
1576082962095299445,570,1576082962095105778,,0,1.2,1.92,-0.54,2.33,1.00897292072,0.0094,0.0012,-0.0052,0.0047,0.01,0.01,0.01,0.01,0,279
1576082962189603070,571,1576082962189198528,,0,1.31,1.95,-0.53,2.42,0.978300678974,0.0093,0.0099,-0.0036,0.0021,0.01,0.01,0.01,0.01,0,279
1576082962293278820,572,1576082962293074237,,0,1.42,1.98,-0.52,2.5,0.95052620739,0.0008,0.0091,-0.0081,0.0008,0.01,0.01,0.0118,0.0101,0,279
1576082962394596278,573,1576082962394156403,,0,1.51,2.0,-0.53,2.57,0.922338790904,0.0085,0.0039,-0.0027,0.0001,0.01,0.01,0.0117,0.0101,0,279
1576082962494582778,574,1576082962494153695,,0,1.62,2.01,-0.51,2.64,0.891407193236,0.0073,0.0048,-0.0093,0.0015,0.01,0.01,0.0106,0.01,0,279
1576082962592525154,575,1576082962592172612,,0,1.71,2.02,-0.51,2.7,0.867951713418,0.0049,0.0043,-0.0047,0.0025,0.01,0.01,0.0108,0.01,0,279
1576082962693578195,576,1576082962693189487,,0,1.8,2.01,-0.51,2.75,0.841976676292,0.0002,0.0064,-0.0024,0.0012,0.01,0.01,0.01,0.01,0,279
1576082962793269320,577,1576082962793059695,,0,1.88,2.01,-0.52,2.8,0.816609013746,0.01,0.0018,-0.0005,0.009,0.01,0.01,0.01,0.01,0,279
1576082962898605529,578,1576082962898179029,,0,1.98,1.99,-0.53,2.86,0.786416912082,0.0068,0.0009,-0.0053,0.0032,0.01,0.01,0.01,0.01,0,279
1576082962995281445,579,1576082962995059195,,0,2.05,1.96,-0.55,2.9,0.762306410196,0.0092,0.0062,-0.0038,0.0005,0.01,0.01,0.0106,0.01,0,279
1576082963091530279,580,1576082963091191445,,0,2.13,1.92,-0.55,2.92,0.735084858919,0.0032,0.0087,-0.0098,0.0098,0.01,0.01,0.01,0.01,0,279
1576082963195569654,581,1576082963195224904,,0,2.21,1.87,-0.53,2.95,0.704330063103,0.001,0.0087,-0.0042,0.0001,0.01,0.01,0.01,0.01,0,279
1576082963289611154,582,1576082963289222404,,0,2.27,1.82,-0.54,2.96,0.676807267997,0.0021,0.0054,-0.0087,0.0057,0.01,0.01,0.01,0.01,0,279
1576082963396254612,583,1576082963396049945,,0,2.32,1.76,-0.56,2.97,0.650743219079,0.0029,0.0086,-0.0019,0.0032,0.01,0.01,0.01,0.01,0,279
1576082963494271362,584,1576082963494055362,,0,2.38,1.69,-0.55,2.97,0.618004856569,0.0053,0.0057,-0.0079,0.0093,0.01,0.01,0.01,0.01,0,279
1576082963595307112,585,1576082963595079362,,0,2.43,1.61,-0.56,2.97,0.585257767413,0.0064,0.0046,-0.006,0.0072,0.01,0.01,0.01,0.01,0,279
1576082963694489320,586,1576082963694139362,,0,2.48,1.52,-0.57,2.97,0.551958630614,0.0045,0.01,-0.0055,0.004,0.01,0.01,0.01,0.01,0,279
1576082963792276987,587,1576082963792060029,,0,2.53,1.44,-0.57,2.97,0.518323692467,0.005,0.0058,-0.0026,0.0039,0.01,0.01,0.01,0.01,0,279
1576082963901276904,588,1576082963901054154,,0,2.58,1.34,-0.56,2.96,0.48034393168,0.0001,0.0043,-0.0042,0.0035,0.01,0.01,0.01,0.01,0,279
1576082963988280904,589,1576082963988058070,,0,2.62,1.24,-0.57,2.95,0.441678081965,0.0039,0.0007,-0.0058,0.009,0.01,0.01,0.01,0.01,0,279
1576082964095275070,590,1576082964095063445,,0,2.66,1.13,-0.58,2.95,0.4031328345,0.0032,0.0058,-0.0048,0.0037,0.01,0.01,0.01,0.01,0,279
1576082964198294487,591,1576082964198065070,,0,2.7,1.02,-0.57,2.94,0.361300782988,0.006,0.0026,-0.0041,0.0092,0.01,0.01,0.01,0.01,0,279
1576082964298283320,592,1576082964298066487,,0,2.73,0.91,-0.58,2.94,0.322302797116,0.0075,0.0042,-0.0067,0.0052,0.01,0.01,0.01,0.01,0,279
1576082964397253820,593,1576082964397049654,,0,2.76,0.8,-0.59,2.93,0.282198447031,0.0035,0.0013,-0.0075,0.0087,0.01,0.01,0.01,0.01,0,279
1576082964498435237,594,1576082964498148529,,0,2.78,0.68,-0.6,2.92,0.241147255826,0.0005,0.0038,-0.006,0.0068,0.01,0.01,0.01,0.01,0,279
1576082964594559862,595,1576082964594196612,,0,2.79,0.57,-0.61,2.92,0.201489535496,0.0077,0.0015,-0.0014,0.0002,0.01,0.01,0.01,0.01,0,279
1576082964694254487,596,1576082964694056070,,0,2.8,0.45,-0.61,2.9,0.162059406101,0.0041,0.0084,-0.0035,0.0068,0.01,0.01,0.01,0.01,0,279
1576082964795293279,597,1576082964795068737,,0,2.8,0.34,-0.63,2.89,0.12216414646,0.0072,0.0047,-0.0024,0.0081,0.01,0.01,0.01,0.01,0,279
1576082964895588904,598,1576082964895163904,,0,2.81,0.23,-0.62,2.89,0.0839718045707,0.0073,0.0071,-0.0059,0.0058,0.01,0.01,0.01,0.01,0,279
1576082964997744404,599,1576082964997184279,,0,2.81,0.13,-0.63,2.89,0.0473399615652,0.0068,0.0034,-0.0026,0.0,0.01,0.01,0.01,0.01,0,279
1576082965096262404,600,1576082965096046445,,0,2.81,0.02,-0.63,2.88,0.00813585230817,0.0039,0.0029,-0.009,0.0057,0.01,0.01,0.01,0.01,0,279
1576082965198321279,601,1576082965198075320,,0,2.8,-0.07,-0.64,2.87,6.2548690854,0.0056,-0.0095,-0.0045,0.0098,0.01,0.01,0.01,0.01,0,279
1576082965293613112,602,1576082965293171987,,0,2.81,-0.17,-0.64,2.88,6.2206683115,0.0005,-0.0059,-0.0044,0.0088,0.01,0.01,0.01,0.01,0,279
1576082965401576529,603,1576082965401205154,,0,2.8,-0.27,-0.64,2.88,6.18615756714,0.001,-0.0026,-0.0086,0.008,0.01,0.01,0.01,0.01,0,279
1576082965497262821,604,1576082965497051071,,0,2.78,-0.36,-0.66,2.88,6.15360717659,0.0088,-0.0034,-0.0016,0.0092,0.01,0.01,0.01,0.01,0,279
1576082965595580779,605,1576082965595180696,,0,2.78,-0.44,-0.66,2.89,6.12385210537,0.0066,-0.0078,-0.0019,0.0089,0.01,0.01,0.01,0.01,0,279
1576082965695506279,606,1576082965695210654,,0,2.78,-0.53,-0.66,2.91,6.093221577,0.0029,-0.0051,-0.0027,0.0003,0.01,0.01,0.01,0.01,0,279
1576082965789549321,607,1576082965789217404,,0,2.77,-0.61,-0.66,2.92,6.06408435233,0.0058,-0.0081,-0.006,0.0008,0.01,0.01,0.01,0.01,0,279
1576082965900546321,608,1576082965900192112,,0,2.77,-0.69,-0.66,2.93,6.03855995922,0.0042,-0.0025,-0.0052,0.0057,0.01,0.01,0.01,0.01,0,279
1576082965987634071,609,1576082965987197946,,0,2.76,-0.75,-0.66,2.94,6.01586230136,0.0084,-0.0082,-0.0043,0.0062,0.01,0.01,0.01,0.01,0,279
1576082966095681821,610,1576082966095214446,,0,2.76,-0.81,-0.67,2.95,5.99598928437,0.0024,-0.0059,-0.0009,0.0075,0.01,0.01,0.01,0.01,0,279
1576082966196282487,611,1576082966196052654,,0,2.76,-0.85,-0.66,2.96,5.98160567694,0.0013,-0.009,-0.0057,0.0074,0.01,0.01,0.01,0.01,0,279
1576082966298618779,612,1576082966298202321,,0,2.75,-0.89,-0.67,2.97,5.96944212831,0.0068,-0.0045,-0.0015,0.005,0.01,0.01,0.01,0.01,0,279
1576082966398580279,613,1576082966398158029,,0,2.75,-0.91,-0.67,2.98,5.96256971985,0.0039,-0.0045,-0.0098,0.0004,0.01,0.01,0.01,0.01,0,279
1576082966496291279,614,1576082966496064154,,0,2.75,-0.92,-0.67,2.98,5.95840047733,0.0051,-0.0077,-0.0032,0.004,0.01,0.01,0.01,0.01,0,279
1576082966595630362,615,1576082966595159029,,0,2.75,-0.92,-0.67,2.98,5.95880678998,0.007,-0.0071,-0.0015,0.0052,0.01,0.01,0.01,0.01,0,279
1576082966689398112,616,1576082966689084487,,0,2.75,-0.92,-0.66,2.98,5.95959428254,0.0051,-0.004,-0.0057,0.0012,0.01,0.01,0.01,0.01,0,279
1576082966794325529,617,1576082966794087446,,0,2.75,-0.92,-0.66,2.98,5.95764370257,0.0042,-0.0097,-0.0078,0.0026,0.01,0.01,0.01,0.01,0,279
1576082966903302446,618,1576082966903073112,,0,2.75,-0.93,-0.66,2.98,5.95762206049,0.005,0.0,-0.0085,0.0036,0.01,0.01,0.01,0.01,0,279
1576082967000311987,619,1576082967000093987,,0,2.75,-0.92,-0.67,2.97,5.95865459727,0.0013,-0.0056,-0.0025,0.0097,0.01,0.01,0.01,0.01,0,279
1576082967095689321,620,1576082967095190237,,0,2.75,-0.92,-0.67,2.98,5.95859176542,0.0037,-0.0066,-0.0044,0.0027,0.01,0.01,0.01,0.01,0,279
