%time,field.header.seq,field.header.stamp,field.header.frame_id,field.year,field.month,field.day,field.hour,field.min,field.sec,field.nano,field.tAcc,field.valid,field.fixType,field.flags,field.flags2,field.numSV,field.lla0,field.lla1,field.lla2,field.hMSL,field.hAcc,field.vAcc,field.velNED0,field.velNED1,field.velNED2,field.gSpeed,field.headMot,field.sAcc,field.headAcc,field.pDOP,field.headVeh
1576083076002360625,4,1576083076002076042,,2019,12,11,16,52,30,99556224,1002,247,3,3,234,23,40.2465881,-111.6489755,1402.614,1421.389,0.225,0.34,0.014,0.028,0.012,0.031,97.76682,0.092,177.66504,1.17,0.0
1576083076097386292,5,1576083076097080542,,2019,12,11,16,52,30,199556180,1002,247,3,3,234,24,40.246588,-111.6489752,1402.626,1421.402,0.224,0.339,-0.021,0.014,-0.013,0.025,97.76682,0.113,180.0,1.15,0.0
1576083076198364500,6,1576083076198075375,,2019,12,11,16,52,30,299556136,1002,247,3,3,234,24,40.2465879,-111.6489751,1402.629,1421.405,0.223,0.338,0.006,-0.015,0.025,0.016,97.76682,0.119,180.0,1.15,0.0
1576083076295267167,7,1576083076295057834,,2019,12,11,16,52,30,399556092,1002,247,3,3,234,24,40.2465879,-111.6489749,1402.638,1421.413,0.222,0.337,0.02,0.016,0.004,0.026,97.76682,0.088,180.0,1.15,0.0
1576083076397237334,8,1576083076397042209,,2019,12,11,16,52,30,499556048,1002,247,3,3,234,24,40.2465878,-111.6489747,1402.648,1421.424,0.221,0.336,-0.013,-0.025,-0.035,0.028,97.76682,0.109,180.0,1.15,0.0
1576083076493344459,9,1576083076493075417,,2019,12,11,16,52,30,599556003,1002,247,3,3,234,25,40.2465878,-111.6489745,1402.645,1421.42,0.22,0.335,0.006,0.017,0.024,0.018,97.76682,0.106,180.0,1.09,0.0
1576083076595263125,10,1576083076595058375,,2019,12,11,16,52,30,699555959,1002,247,3,3,234,25,40.2465877,-111.6489744,1402.656,1421.431,0.219,0.334,0.001,-0.011,-0.001,0.011,97.76682,0.084,180.0,1.09,0.0
1576083076696325625,11,1576083076696068209,,2019,12,11,16,52,30,799555915,1002,247,3,3,234,25,40.2465877,-111.6489742,1402.657,1421.432,0.218,0.333,0.016,0.029,-0.011,0.033,97.76682,0.083,164.12152,1.09,0.0
1576083076796318292,12,1576083076796051875,,2019,12,11,16,52,30,899555871,1002,247,3,3,234,25,40.2465876,-111.6489741,1402.665,1421.44,0.217,0.332,-0.015,-0.026,-0.002,0.03,97.76682,0.082,180.0,1.09,0.0
1576083076903299000,13,1576083076903072292,,2019,12,11,16,52,31,-444172,1002,247,3,3,234,25,40.2465876,-111.6489739,1402.665,1421.441,0.216,0.331,0.006,0.016,0.004,0.017,97.76682,0.084,180.0,1.09,0.0
1576083076999320042,14,1576083076999076542,,2019,12,11,16,52,31,99555783,1002,247,3,3,234,25,40.2465875,-111.6489737,1402.672,1421.448,0.215,0.33,0.008,0.0,-0.005,0.008,97.76682,0.085,180.0,1.09,0.0
1576083077097339834,15,1576083077097062459,,2019,12,11,16,52,31,199555738,1002,247,3,3,234,25,40.2465875,-111.6489737,1402.661,1421.437,0.214,0.329,-0.013,-0.014,0.018,0.019,97.76682,0.094,180.0,1.09,0.0
1576083077197248126,16,1576083077197037626,,2019,12,11,16,52,31,299555694,1002,247,3,3,234,25,40.2465875,-111.6489736,1402.666,1421.441,0.214,0.328,0.024,-0.004,-0.012,0.024,97.76682,0.085,180.0,1.09,0.0
1576083077297289251,17,1576083077297061417,,2019,12,11,16,52,31,399555650,1002,247,3,3,234,25,40.2465875,-111.6489734,1402.658,1421.433,0.213,0.328,-0.012,0.005,0.006,0.013,97.76682,0.086,180.0,1.09,0.0
1576083077392345209,18,1576083077392068042,,2019,12,11,16,52,31,499555606,1002,247,3,3,234,25,40.2465875,-111.6489733,1402.647,1421.423,0.212,0.327,0.01,0.019,0.016,0.022,97.76682,0.094,180.0,1.09,0.0
1576083077495260751,19,1576083077495050626,,2019,12,11,16,52,31,599555562,1002,247,3,3,234,25,40.2465874,-111.6489732,1402.653,1421.428,0.211,0.326,0.014,-0.004,0.008,0.015,97.76682,0.109,180.0,1.09,0.0
1576083077586351876,20,1576083077586096917,,2019,12,11,16,52,31,699555517,1001,247,3,3,234,25,40.2465874,-111.648973,1402.657,1421.432,0.21,0.325,-0.006,0.011,0.024,0.013,97.76682,0.102,180.0,1.09,0.0
1576083077686355334,21,1576083077686075334,,2019,12,11,16,52,31,799555473,1001,247,3,3,234,25,40.2465873,-111.6489729,1402.655,1421.43,0.21,0.324,0.002,0.062,0.014,0.062,97.76682,0.082,83.5032,1.09,0.0
1576083077793293751,22,1576083077793066959,,2019,12,11,16,52,31,899555429,1001,247,3,3,234,25,40.2465873,-111.6489726,1402.654,1421.43,0.209,0.323,0.035,0.136,-0.004,0.14,75.42561,0.08,37.07798,1.09,0.0
1576083077893263126,23,1576083077893053917,,2019,12,11,16,52,32,-444614,1001,247,3,3,234,25,40.2465873,-111.6489721,1402.657,1421.432,0.208,0.322,-0.013,0.271,0.015,0.271,92.66532,0.083,18.61687,1.09,0.0
1576083078002276376,24,1576083078002054417,,2019,12,11,16,52,32,99555341,1001,247,3,3,234,25,40.2465873,-111.6489716,1402.652,1421.427,0.207,0.321,0.035,0.359,0.069,0.361,84.51684,0.082,14.27267,1.09,0.0
1576083078088337751,25,1576083078088059834,,2019,12,11,16,52,32,199555296,1001,247,3,3,234,25,40.2465872,-111.6489711,1402.644,1421.42,0.207,0.32,0.009,0.392,0.086,0.392,88.71053,0.083,13.07549,1.09,0.0
1576083078199275209,26,1576083078199064834,,2019,12,11,16,52,32,299555252,1002,247,3,3,234,25,40.2465872,-111.6489704,1402.637,1421.412,0.206,0.32,0.036,0.451,0.062,0.452,85.44164,0.081,11.60127,1.09,0.0
1576083078291332834,27,1576083078291058001,,2019,12,11,16,52,32,399555208,1002,247,3,3,234,25,40.2465872,-111.6489699,1402.634,1421.41,0.205,0.319,-0.021,0.337,0.07,0.338,93.59593,0.083,15.22136,1.09,0.0
1576083078395326334,28,1576083078395066876,,2019,12,11,16,52,32,499555163,1002,247,3,3,234,24,40.2465871,-111.6489694,1402.638,1421.413,0.205,0.319,0.021,0.365,-0.005,0.365,86.66097,0.083,14.23255,1.15,0.0
1576083078497243209,29,1576083078497055042,,2019,12,11,16,52,32,599555119,1002,247,3,3,234,24,40.2465872,-111.6489688,1402.627,1421.403,0.204,0.318,0.039,0.396,0.067,0.398,84.3101,0.083,13.14087,1.15,0.0
1576083078595270917,30,1576083078595057334,,2019,12,11,16,52,32,699555076,1002,247,3,131,234,23,40.2465846,-111.6489624,1402.157,1420.932,0.014,0.01,0.024,0.327,0.067,0.328,85.88669,0.086,16.00315,1.2,0.0
1576083078694371001,31,1576083078694075709,,2019,12,11,16,52,32,799555031,1002,247,3,131,234,23,40.2465846,-111.6489621,1402.154,1420.93,0.014,0.01,-0.009,0.285,0.016,0.285,91.76614,0.086,17.90949,1.2,0.0
1576083078795296126,32,1576083078795060001,,2019,12,11,16,52,32,899554987,1003,247,3,131,234,23,40.2465846,-111.648962,1402.149,1420.925,0.014,0.01,0.022,0.069,-0.003,0.072,87.59509,0.085,72.20863,1.2,0.0
1576083078903264542,33,1576083078903056126,,2019,12,11,16,52,33,-445056,1003,247,3,131,234,24,40.2465846,-111.648962,1402.153,1420.928,0.014,0.01,0.018,0.048,0.042,0.051,87.59509,0.09,101.90092,1.12,0.0
1576083078995251792,34,1576083078995053667,,2019,12,11,16,52,33,99554899,1003,247,3,131,234,24,40.2465846,-111.6489621,1402.154,1420.929,0.014,0.01,-0.008,-0.139,-0.005,0.139,266.54299,0.089,37.11479,1.12,0.0
1576083079096358626,35,1576083079096065334,,2019,12,11,16,52,33,199554854,1003,247,3,131,234,24,40.2465846,-111.6489624,1402.157,1420.932,0.014,0.01,0.011,-0.225,-0.035,0.225,272.79102,0.088,22.89518,1.12,0.0
1576083079191324542,36,1576083079191063917,,2019,12,11,16,52,33,299554810,1003,247,3,131,234,24,40.2465847,-111.6489629,1402.154,1420.93,0.014,0.01,0.027,-0.419,-0.049,0.42,273.68809,0.089,12.36716,1.12,0.0
1576083079296263001,37,1576083079296052167,,2019,12,11,16,52,33,399554766,1003,247,3,131,234,25,40.2465847,-111.6489636,1402.16,1420.935,0.014,0.01,0.107,-0.587,-0.027,0.597,280.29682,0.089,8.55916,1.09,0.0
1576083079397367876,38,1576083079397059834,,2019,12,11,16,52,33,499554721,1003,247,3,131,234,25,40.2465848,-111.6489643,1402.157,1420.932,0.014,0.01,0.017,-0.588,-0.017,0.588,271.65961,0.089,8.99497,1.09,0.0
1576083079496275042,39,1576083079496052876,,2019,12,11,16,52,33,599554677,1003,247,3,131,234,25,40.2465849,-111.6489651,1402.157,1420.933,0.014,0.01,0.101,-0.6,0.043,0.608,279.58629,0.09,8.50624,1.09,0.0
1576083079594264126,40,1576083079594065959,,2019,12,11,16,52,33,699554633,1003,247,3,131,234,25,40.246585,-111.648966,1402.161,1420.936,0.014,0.01,0.167,-0.786,0.018,0.803,281.97717,0.09,6.43855,1.09,0.0
1576083079695322459,41,1576083079695073376,,2019,12,11,16,52,33,799554589,1002,247,3,131,234,25,40.2465852,-111.648967,1402.138,1420.914,0.014,0.01,0.091,-0.92,-0.064,0.924,275.66983,0.086,5.60293,1.09,0.0
1576083079795333959,42,1576083079795061501,,2019,12,11,16,52,33,899554544,1002,247,3,131,234,24,40.2465852,-111.6489681,1402.153,1420.929,0.014,0.01,0.137,-0.983,0.056,0.992,277.91934,0.09,5.23959,1.12,0.0
1576083079901377001,43,1576083079901069209,,2019,12,11,16,52,34,-445499,1002,247,3,131,234,24,40.2465852,-111.6489694,1402.167,1420.942,0.014,0.01,0.075,-1.043,-0.018,1.046,274.12255,0.091,5.00049,1.11,0.0
1576083079997273501,44,1576083079997064251,,2019,12,11,16,52,34,99554456,1002,247,3,131,234,22,40.2465854,-111.6489707,1402.161,1420.936,0.014,0.01,0.09,-1.106,-0.04,1.11,274.65429,0.092,4.82099,1.23,0.0
1576083080089322751,45,1576083080089071584,,2019,12,11,16,52,34,199554412,1002,247,3,131,234,23,40.2465854,-111.6489721,1402.168,1420.944,0.014,0.01,0.087,-1.174,-0.024,1.177,274.22559,0.09,4.53095,1.13,0.0
1576083080195267209,46,1576083080195052751,,2019,12,11,16,52,34,299554367,1002,247,3,131,234,23,40.2465855,-111.6489737,1402.161,1420.936,0.014,0.01,0.112,-1.313,-0.046,1.317,274.86757,0.091,4.01236,1.13,0.0
1576083080297296293,47,1576083080297050626,,2019,12,11,16,52,34,399554323,1002,247,3,131,234,24,40.2465856,-111.6489753,1402.177,1420.953,0.014,0.01,0.147,-1.297,-0.008,1.305,276.45179,0.09,4.03377,1.15,0.0
1576083080395283168,48,1576083080395066376,,2019,12,11,16,52,34,499554278,1002,247,3,131,234,23,40.2465856,-111.6489768,1402.185,1420.961,0.014,0.01,0.014,-1.334,-0.088,1.334,270.5887,0.089,3.98524,1.2,0.0
1576083080486353751,49,1576083080486083626,,2019,12,11,16,52,34,599554234,1002,247,3,131,234,23,40.2465858,-111.6489785,1402.184,1420.959,0.014,0.01,0.151,-1.445,-0.03,1.453,275.9695,0.09,3.62968,1.2,0.0
1576083080595303251,50,1576083080595060043,,2019,12,11,16,52,34,699554190,1002,247,3,131,234,23,40.2465859,-111.6489801,1402.187,1420.962,0.014,0.01,0.114,-1.402,-0.025,1.407,274.63041,0.088,3.76793,1.2,0.0
1576083080685363001,51,1576083080685076043,,2019,12,11,16,52,34,799554146,1001,247,3,131,234,23,40.2465859,-111.6489819,1402.195,1420.971,0.014,0.01,0.068,-1.515,-0.078,1.516,272.57608,0.09,3.50962,1.17,0.0
1576083080794407293,52,1576083080794083626,,2019,12,11,16,52,34,899554101,1002,247,3,131,234,23,40.246586,-111.6489838,1402.198,1420.974,0.014,0.01,0.113,-1.552,-0.041,1.557,274.17201,0.088,3.34246,1.17,0.0
1576083080893304668,53,1576083080893059751,,2019,12,11,16,52,35,-445942,1001,247,3,131,234,23,40.2465861,-111.6489856,1402.192,1420.967,0.014,0.01,0.06,-1.557,0.011,1.558,272.21906,0.089,3.41384,1.17,0.0
1576083080990356084,54,1576083080990068001,,2019,12,11,16,52,35,99554013,1002,247,3,131,234,24,40.2465862,-111.6489875,1402.21,1420.985,0.014,0.01,0.1,-1.644,-0.024,1.647,273.48451,0.088,3.20106,1.15,0.0
1576083081096334126,55,1576083081096069709,,2019,12,11,16,52,35,199553968,1002,247,3,131,234,24,40.2465863,-111.6489895,1402.21,1420.986,0.014,0.01,0.058,-1.642,-0.102,1.643,272.01908,0.085,3.1568,1.15,0.0
1576083081196241793,56,1576083081196045418,,2019,12,11,16,52,35,299553924,1002,247,3,131,234,24,40.2465864,-111.6489914,1402.209,1420.984,0.014,0.01,0.112,-1.645,-0.022,1.649,273.8798,0.084,3.15381,1.15,0.0
1576083081299357751,57,1576083081299070584,,2019,12,11,16,52,35,399553880,1002,247,3,131,234,24,40.2465864,-111.6489933,1402.221,1420.997,0.014,0.01,0.134,-1.641,-0.044,1.647,274.68453,0.081,3.10555,1.15,0.0
1576083081396239334,58,1576083081396049793,,2019,12,11,16,52,35,499553836,1002,247,3,131,234,24,40.2465865,-111.6489952,1402.216,1420.991,0.014,0.01,-0.016,-1.523,-0.044,1.523,269.40667,0.082,3.41945,1.15,0.0
1576083081496285501,59,1576083081496064168,,2019,12,11,16,52,35,599553791,1002,247,3,131,234,23,40.2465865,-111.6489971,1402.227,1421.003,0.014,0.01,0.109,-1.706,0.062,1.709,273.64329,0.086,2.9775,1.17,0.0
1576083081595277209,60,1576083081595064251,,2019,12,11,16,52,35,699553747,1002,247,3,131,234,24,40.2465866,-111.6489992,1402.221,1420.997,0.014,0.01,0.036,-1.817,-0.052,1.817,271.12606,0.083,2.79995,1.15,0.0
1576083081694368126,61,1576083081694081793,,2019,12,11,16,52,35,799553702,1002,247,3,131,234,24,40.2465866,-111.6490013,1402.221,1420.996,0.014,0.01,0.036,-1.665,0.022,1.666,271.22494,0.084,3.03678,1.15,0.0
1576083081795262918,62,1576083081795051126,,2019,12,11,16,52,35,899553658,1002,247,3,131,234,24,40.2465866,-111.6490034,1402.224,1421.0,0.014,0.01,0.007,-1.782,0.003,1.782,270.21257,0.086,2.85393,1.15,0.0
1576083081895282168,63,1576083081895057626,,2019,12,11,16,52,36,-446385,1002,247,3,131,234,24,40.2465867,-111.6490055,1402.22,1420.996,0.014,0.01,0.013,-1.814,0.006,1.814,270.40029,0.086,2.84231,1.15,0.0
1576083081996336876,64,1576083081996064668,,2019,12,11,16,52,36,99553569,1002,247,3,131,234,23,40.2465867,-111.6490076,1402.22,1420.996,0.014,0.01,0.104,-1.783,0.027,1.786,273.32658,0.085,2.90239,1.17,0.0
1576083082095256293,65,1576083082095046001,,2019,12,11,16,52,36,199553525,1002,247,3,131,234,24,40.2465867,-111.6490098,1402.221,1420.997,0.014,0.01,0.021,-1.829,0.024,1.829,270.67076,0.085,2.87198,1.15,0.0
1576083082186303918,66,1576083082186065793,,2019,12,11,16,52,36,299553481,1002,247,3,131,234,23,40.2465868,-111.6490119,1402.221,1420.997,0.014,0.01,0.091,-1.81,-0.018,1.812,272.86294,0.086,2.87066,1.2,0.0
1576083082295302918,67,1576083082295060876,,2019,12,11,16,52,36,399553436,1002,247,3,131,234,23,40.2465868,-111.649014,1402.222,1420.998,0.014,0.01,0.006,-1.837,-0.054,1.837,270.19007,0.085,2.86304,1.2,0.0
1576083082397353834,68,1576083082397071793,,2019,12,11,16,52,36,499553392,1002,247,3,131,234,23,40.2465868,-111.6490162,1402.227,1421.003,0.014,0.01,0.009,-1.815,0.023,1.815,270.28643,0.084,2.85432,1.2,0.0
1576083082497266043,69,1576083082497051626,,2019,12,11,16,52,36,599553348,1002,247,3,131,234,24,40.2465869,-111.6490184,1402.228,1421.004,0.014,0.01,-0.006,-1.854,-0.031,1.854,269.81489,0.083,2.77424,1.15,0.0
1576083082595301293,70,1576083082595054793,,2019,12,11,16,52,36,699553303,1002,247,3,131,234,24,40.2465868,-111.6490205,1402.223,1420.998,0.014,0.01,0.03,-1.824,-0.013,1.824,270.94428,0.083,2.84004,1.15,0.0
1576083082696292626,71,1576083082696058459,,2019,12,11,16,52,36,799553259,1002,247,3,131,234,24,40.2465869,-111.6490227,1402.22,1420.996,0.014,0.01,0.007,-1.839,0.025,1.839,270.22815,0.084,2.92173,1.15,0.0
1576083082790372251,72,1576083082790072543,,2019,12,11,16,52,36,899553215,1002,247,3,131,234,23,40.2465869,-111.6490249,1402.221,1420.996,0.014,0.01,0.021,-1.921,-0.016,1.921,270.61439,0.084,2.751,1.2,0.0
1576083082892273751,73,1576083082892061626,,2019,12,11,16,52,37,-446829,1002,247,3,131,234,24,40.2465869,-111.6490271,1402.221,1420.996,0.014,0.01,0.003,-1.768,0.045,1.768,270.10449,0.084,2.97943,1.15,0.0
1576083082987271126,74,1576083082987055418,,2019,12,11,16,52,37,99553126,1001,247,3,131,234,24,40.246587,-111.6490293,1402.219,1420.994,0.014,0.01,0.067,-1.905,0.008,1.906,272.02767,0.083,2.75728,1.15,0.0
1576083083097320626,75,1576083083097071876,,2019,12,11,16,52,37,199553082,1002,247,3,131,234,24,40.246587,-111.6490314,1402.213,1420.988,0.014,0.01,0.09,-1.76,0.035,1.762,272.91432,0.083,2.93774,1.15,0.0
1576083083198319793,76,1576083083198050418,,2019,12,11,16,52,37,299553037,1002,247,3,131,234,24,40.2465871,-111.6490335,1402.213,1420.988,0.014,0.01,-0.012,-1.798,0.023,1.798,269.60972,0.084,2.87165,1.15,0.0
1576083083299325043,77,1576083083299075918,,2019,12,11,16,52,37,399552993,1002,247,3,131,234,24,40.2465871,-111.6490357,1402.222,1420.998,0.014,0.01,0.028,-1.869,-0.008,1.869,270.85018,0.083,2.74634,1.15,0.0
1576083083401352626,78,1576083083401060376,,2019,12,11,16,52,37,499552949,1002,247,3,131,234,24,40.246587,-111.6490378,1402.223,1420.999,0.014,0.01,-0.025,-1.803,-0.067,1.803,269.21266,0.082,2.87058,1.15,0.0
1576083083496232626,79,1576083083496049293,,2019,12,11,16,52,37,599552904,1002,247,3,131,234,24,40.246587,-111.6490401,1402.225,1421.0,0.014,0.01,-0.016,-1.878,-0.054,1.879,269.50427,0.083,2.75754,1.15,0.0
1576083083597307126,80,1576083083597050168,,2019,12,11,16,52,37,699552860,1002,247,3,131,234,24,40.246587,-111.6490424,1402.233,1421.008,0.014,0.01,-0.038,-1.95,-0.001,1.95,268.87772,0.083,2.71131,1.15,0.0
1576083083690413335,81,1576083083690091043,,2019,12,11,16,52,37,799552816,1002,247,3,131,234,23,40.246587,-111.6490446,1402.219,1420.994,0.014,0.01,-0.082,-1.905,-0.012,1.907,267.5243,0.082,2.80697,1.21,0.0
1576083083786362335,82,1576083083786067460,,2019,12,11,16,52,37,899552771,1001,247,3,131,234,24,40.2465869,-111.6490469,1402.222,1420.998,0.014,0.01,-0.039,-1.935,0.045,1.935,268.84729,0.082,2.76197,1.12,0.0
1576083083905369585,83,1576083083905079793,,2019,12,11,16,52,38,-447272,1002,247,3,131,234,24,40.2465869,-111.6490492,1402.222,1420.998,0.014,0.01,0.083,-1.971,-0.004,1.973,272.42217,0.082,2.65099,1.12,0.0
1576083084002407126,84,1576083084002128376,,2019,12,11,16,52,38,99552683,1002,247,3,131,234,24,40.2465869,-111.6490514,1402.218,1420.994,0.014,0.01,-0.072,-1.89,-0.028,1.892,267.80593,0.082,2.76757,1.15,0.0
1576083084097295126,85,1576083084097068460,,2019,12,11,16,52,38,199552639,1002,247,3,131,234,25,40.2465869,-111.6490536,1402.222,1420.997,0.014,0.01,0.039,-1.876,0.009,1.876,271.20232,0.082,2.78281,1.09,0.0
1576083084199283335,86,1576083084199060293,,2019,12,11,16,52,38,299552594,1002,247,3,131,234,24,40.2465868,-111.6490558,1402.229,1421.004,0.014,0.01,-0.105,-1.875,-0.02,1.878,266.80349,0.083,2.80855,1.12,0.0
1576083084296285668,87,1576083084296063251,,2019,12,11,16,52,38,399552550,1002,247,3,131,234,24,40.2465868,-111.6490581,1402.226,1421.002,0.014,0.01,-0.026,-1.908,-0.076,1.908,269.21588,0.08,2.70266,1.12,0.0
1576083084382283001,88,1576083084382062085,,2019,12,11,16,52,38,499552506,1001,247,3,131,234,23,40.2465868,-111.6490602,1402.227,1421.003,0.014,0.01,-0.074,-1.8,-0.054,1.801,267.65761,0.08,2.9018,1.16,0.0
1576083084499281835,89,1576083084499051085,,2019,12,11,16,52,38,599552462,1002,247,3,131,234,25,40.2465867,-111.6490623,1402.223,1420.999,0.014,0.01,-0.078,-1.76,-0.01,1.762,267.46893,0.079,2.88981,1.09,0.0
1576083084591344210,90,1576083084591063460,,2019,12,11,16,52,38,699552417,1002,247,3,131,234,25,40.2465866,-111.6490645,1402.216,1420.992,0.014,0.01,-0.104,-1.841,0.065,1.844,266.78206,0.078,2.76754,1.09,0.0
1576083084696393376,91,1576083084696073543,,2019,12,11,16,52,38,799552373,1002,247,3,131,234,24,40.2465865,-111.6490666,1402.225,1421.0,0.014,0.01,-0.085,-1.915,-0.038,1.916,267.46666,0.079,2.7404,1.12,0.0
1576083084796309876,92,1576083084796065960,,2019,12,11,16,52,38,899552329,1002,247,3,131,234,24,40.2465864,-111.6490689,1402.223,1420.999,0.014,0.01,-0.094,-1.838,0.017,1.84,267.06332,0.08,2.78816,1.12,0.0
1576083084905361710,93,1576083084905072001,,2019,12,11,16,52,39,-447714,1002,247,3,131,234,24,40.2465864,-111.6490711,1402.229,1421.005,0.014,0.01,-0.032,-1.876,-0.002,1.876,269.01562,0.08,2.69765,1.12,0.0
1576083084998324793,94,1576083084998059001,,2019,12,11,16,52,39,99552241,1002,247,3,131,234,25,40.2465863,-111.6490733,1402.231,1421.006,0.014,0.01,-0.114,-1.894,-0.044,1.897,266.55868,0.079,2.62161,1.09,0.0
1576083085096268626,95,1576083085096050751,,2019,12,11,16,52,39,199552197,1002,247,3,131,234,25,40.2465862,-111.6490755,1402.223,1420.998,0.014,0.01,-0.097,-1.909,-0.034,1.911,267.10579,0.079,2.61261,1.09,0.0
1576083085186360710,96,1576083085186065085,,2019,12,11,16,52,39,299552153,1001,247,3,131,234,23,40.2465862,-111.6490778,1402.215,1420.99,0.014,0.01,-0.03,-1.911,0.022,1.912,269.09738,0.082,2.69766,1.2,0.0
1576083085287346876,97,1576083085287072710,,2019,12,11,16,52,39,399552108,1001,247,3,131,234,24,40.246586,-111.64908,1402.222,1420.998,0.014,0.01,-0.143,-1.885,0.043,1.891,265.65574,0.081,2.77516,1.15,0.0
1576083085397330293,98,1576083085397079793,,2019,12,11,16,52,39,499552064,1002,247,3,131,234,24,40.246586,-111.6490823,1402.221,1420.997,0.014,0.01,0.0,-1.929,-0.011,1.929,269.99709,0.08,2.69856,1.15,0.0
1576083085482348251,99,1576083085482065751,,2019,12,11,16,52,39,599552020,1001,247,3,131,234,24,40.2465859,-111.6490845,1402.221,1420.997,0.014,0.01,-0.143,-1.924,-0.025,1.929,265.76225,0.08,2.67193,1.15,0.0
1576083085595261752,100,1576083085595051877,,2019,12,11,16,52,39,699551976,1002,247,3,131,234,24,40.2465858,-111.6490868,1402.225,1421.001,0.014,0.01,-0.064,-1.943,-0.003,1.945,268.12645,0.079,2.64168,1.15,0.0
1576083085696334002,101,1576083085696051877,,2019,12,11,16,52,39,799551932,1002,247,3,131,234,24,40.2465858,-111.6490892,1402.229,1421.005,0.014,0.01,-0.015,-2.017,-0.045,2.018,269.57753,0.079,2.55747,1.15,0.0
1576083085795241127,102,1576083085795052043,,2019,12,11,16,52,39,899551888,1002,247,3,131,234,24,40.2465857,-111.6490914,1402.232,1421.008,0.014,0.01,-0.097,-1.852,-0.02,1.855,266.98756,0.079,2.80085,1.15,0.0
1576083085889291377,103,1576083085889054627,,2019,12,11,16,52,40,-448155,1001,247,3,131,234,24,40.2465857,-111.6490936,1402.227,1421.003,0.014,0.01,-0.019,-1.882,-0.025,1.882,269.41145,0.079,2.74063,1.15,0.0
1576083085993299502,104,1576083085993062710,,2019,12,11,16,52,40,99551800,1001,247,3,131,234,24,40.2465856,-111.6490959,1402.223,1420.998,0.014,0.01,-0.093,-1.952,0.027,1.954,267.27641,0.079,2.63967,1.15,0.0
1576083086099396835,105,1576083086099087085,,2019,12,11,16,52,40,199551756,1002,247,3,131,234,24,40.2465856,-111.6490982,1402.227,1421.003,0.014,0.01,-0.068,-1.936,-0.018,1.938,267.98362,0.081,2.68852,1.15,0.0
1576083086196373960,106,1576083086196066168,,2019,12,11,16,52,40,299551712,1002,247,3,131,234,24,40.2465855,-111.6491005,1402.224,1421.0,0.014,0.01,-0.074,-1.979,-0.021,1.98,267.84735,0.08,2.59332,1.15,0.0
1576083086298342668,107,1576083086298068252,,2019,12,11,16,52,40,399551668,1002,247,3,131,234,24,40.2465855,-111.6491027,1402.219,1420.994,0.014,0.01,-0.04,-1.909,0.059,1.909,268.80484,0.08,2.69115,1.15,0.0
1576083086390362085,108,1576083086390066710,,2019,12,11,16,52,40,499551624,1002,247,3,131,234,24,40.2465854,-111.649105,1402.222,1420.998,0.014,0.01,-0.095,-1.959,0.049,1.962,267.22514,0.078,2.55101,1.15,0.0
1576083086495302293,109,1576083086495050918,,2019,12,11,16,52,40,599551580,1002,247,3,131,234,24,40.2465853,-111.6491073,1402.231,1421.007,0.014,0.01,-0.091,-2.002,-0.077,2.004,267.41118,0.078,2.50306,1.15,0.0
1576083086595313085,110,1576083086595066502,,2019,12,11,16,52,40,699551536,1002,247,3,131,234,24,40.2465853,-111.6491096,1402.223,1420.998,0.014,0.01,0.023,-1.94,-0.059,1.94,270.66818,0.078,2.57834,1.15,0.0
1576083086694385502,111,1576083086694075043,,2019,12,11,16,52,40,799551492,1002,247,3,131,234,24,40.2465852,-111.6491119,1402.225,1421.0,0.014,0.01,-0.067,-1.944,0.019,1.946,268.02845,0.079,2.63581,1.15,0.0
1576083086783344293,112,1576083086783064335,,2019,12,11,16,52,40,899551448,1001,247,3,131,234,23,40.2465852,-111.6491142,1402.24,1421.015,0.014,0.01,-0.037,-1.893,-0.005,1.894,268.88302,0.081,2.76353,1.16,0.0
1576083086891261793,113,1576083086891051793,,2019,12,11,16,52,41,-448595,1001,247,3,131,234,24,40.2465851,-111.6491164,1402.237,1421.013,0.014,0.01,-0.059,-1.888,-0.098,1.889,268.21378,0.081,2.76892,1.15,0.0
1576083086996344002,114,1576083086996075710,,2019,12,11,16,52,41,99551360,1002,247,3,131,234,23,40.2465851,-111.6491186,1402.237,1421.013,0.014,0.01,-0.079,-1.873,-0.027,1.874,267.5893,0.081,2.82914,1.16,0.0
1576083087094351960,115,1576083087094064335,,2019,12,11,16,52,41,199551316,1002,247,3,131,234,23,40.246585,-111.6491208,1402.236,1421.011,0.014,0.01,-0.043,-1.834,-0.033,1.835,268.65534,0.08,2.84605,1.16,0.0
1576083087186235793,116,1576083087186049335,,2019,12,11,16,52,41,299551272,1002,247,3,131,234,24,40.246585,-111.6491229,1402.228,1421.004,0.014,0.01,-0.04,-1.849,0.037,1.849,268.75311,0.08,2.82494,1.1,0.0
1576083087281345502,117,1576083087281062627,,2019,12,11,16,52,41,399551228,1001,247,3,131,234,25,40.246585,-111.6491251,1402.231,1421.007,0.014,0.01,-0.028,-1.829,0.034,1.829,269.13774,0.078,2.70992,1.09,0.0
1576083087395358835,118,1576083087395073710,,2019,12,11,16,52,41,499551184,1002,247,3,131,234,25,40.246585,-111.6491272,1402.23,1421.005,0.014,0.01,0.018,-1.84,-0.034,1.84,270.55016,0.079,2.72921,1.09,0.0
1576083087488336835,119,1576083087488064585,,2019,12,11,16,52,41,599551140,1002,247,3,131,234,25,40.246585,-111.6491294,1402.225,1421.0,0.014,0.01,0.007,-1.817,0.012,1.817,270.21957,0.079,2.75356,1.09,0.0
1576083087596364752,120,1576083087596071168,,2019,12,11,16,52,41,699551096,1002,247,3,131,234,25,40.2465851,-111.6491315,1402.231,1421.007,0.014,0.01,0.072,-1.849,-0.027,1.851,272.21906,0.08,2.65545,1.09,0.0
1576083087695331127,121,1576083087695058960,,2019,12,11,16,52,41,799551052,1002,247,3,131,234,25,40.246585,-111.6491336,1402.237,1421.012,0.014,0.01,-0.05,-1.789,-0.064,1.79,268.41433,0.08,2.83878,1.09,0.0
1576083087795337418,122,1576083087795052585,,2019,12,11,16,52,41,899551009,1002,247,3,131,234,25,40.246585,-111.6491357,1402.242,1421.018,0.014,0.01,-0.046,-1.722,-0.091,1.723,268.47385,0.079,2.9487,1.09,0.0
1576083087905344335,123,1576083087905066168,,2019,12,11,16,52,42,-449034,1003,247,3,131,234,25,40.2465848,-111.6491377,1402.254,1421.029,0.014,0.01,-0.158,-1.735,-0.106,1.742,264.8102,0.077,2.93621,1.09,0.0
1576083088002288627,124,1576083088002059127,,2019,12,11,16,52,42,99550921,1003,247,3,131,234,24,40.2465847,-111.6491396,1402.256,1421.031,0.014,0.01,-0.212,-1.645,-0.102,1.659,262.64837,0.077,3.14298,1.15,0.0
1576083088087314877,125,1576083088087057710,,2019,12,11,16,52,42,199550878,1002,247,3,131,234,25,40.2465845,-111.6491415,1402.251,1421.026,0.014,0.01,-0.236,-1.588,-0.001,1.605,261.54604,0.077,3.28005,1.09,0.0
1576083088191332960,126,1576083088191068668,,2019,12,11,16,52,42,299550834,1003,247,3,131,234,25,40.2465842,-111.6491434,1402.255,1421.03,0.014,0.01,-0.177,-1.659,0.011,1.668,263.91765,0.077,3.08714,1.09,0.0
1576083088295330002,127,1576083088295067710,,2019,12,11,16,52,42,399550790,1003,247,3,131,234,24,40.246584,-111.6491452,1402.239,1421.014,0.014,0.01,-0.269,-1.543,0.0,1.567,260.10837,0.076,3.24952,1.15,0.0
1576083088397317877,128,1576083088397051085,,2019,12,11,16,52,42,499550746,1003,247,3,131,234,24,40.2465837,-111.649147,1402.239,1421.014,0.014,0.01,-0.281,-1.589,0.08,1.613,259.98075,0.077,3.21057,1.15,0.0
1576083088495274544,129,1576083088495062502,,2019,12,11,16,52,42,599550703,1003,247,3,131,234,24,40.2465835,-111.6491489,1402.243,1421.018,0.014,0.01,-0.283,-1.546,-0.021,1.571,259.62489,0.077,3.28354,1.15,0.0
1576083088594346460,130,1576083088594052752,,2019,12,11,16,52,42,699550659,1003,247,3,131,234,24,40.2465831,-111.6491506,1402.24,1421.016,0.014,0.01,-0.351,-1.501,-0.025,1.541,256.82268,0.08,3.2957,1.15,0.0
1576083088695291044,131,1576083088695067085,,2019,12,11,16,52,42,799550616,1003,247,3,131,234,24,40.2465827,-111.6491525,1402.24,1421.015,0.014,0.01,-0.453,-1.595,-0.021,1.658,254.12876,0.079,3.07062,1.15,0.0
1576083088794291710,132,1576083088794052169,,2019,12,11,16,52,42,899550572,1003,247,3,131,234,24,40.2465822,-111.6491542,1402.249,1421.024,0.014,0.01,-0.525,-1.455,0.0,1.547,250.14827,0.079,3.19894,1.15,0.0
1576083088901342085,133,1576083088901079627,,2019,12,11,16,52,43,-449471,1003,247,3,131,234,23,40.2465817,-111.6491557,1402.251,1421.027,0.014,0.01,-0.538,-1.294,-0.104,1.401,247.42624,0.078,3.49811,1.21,0.0
1576083088995279919,134,1576083088995051669,,2019,12,11,16,52,43,99550485,1003,247,3,131,234,23,40.2465812,-111.6491573,1402.246,1421.022,0.014,0.01,-0.619,-1.357,-0.038,1.491,245.48739,0.08,3.2382,1.21,0.0
1576083089089351419,135,1576083089089066502,,2019,12,11,16,52,43,199550441,1003,247,3,131,234,23,40.2465806,-111.649159,1402.236,1421.011,0.014,0.01,-0.713,-1.426,0.047,1.594,243.42624,0.078,2.92354,1.21,0.0
1576083089195298252,136,1576083089195068627,,2019,12,11,16,52,43,299550398,1003,247,3,131,234,23,40.2465798,-111.6491605,1402.238,1421.013,0.014,0.01,-0.758,-1.3,0.088,1.505,239.75338,0.079,3.0685,1.21,0.0
1576083089296328252,137,1576083089296061502,,2019,12,11,16,52,43,399550354,1002,247,3,131,234,23,40.2465792,-111.649162,1402.237,1421.013,0.014,0.01,-0.742,-1.286,-0.001,1.485,240.01054,0.078,3.04319,1.21,0.0
1576083089395271835,138,1576083089395059419,,2019,12,11,16,52,43,499550311,1002,247,3,131,234,23,40.2465784,-111.6491635,1402.231,1421.007,0.014,0.01,-0.855,-1.256,0.032,1.519,235.77074,0.08,3.03123,1.21,0.0
1576083089495289419,139,1576083089495056835,,2019,12,11,16,52,43,599550267,1002,247,3,131,234,23,40.2465776,-111.6491648,1402.238,1421.014,0.014,0.01,-0.944,-1.1,-0.042,1.45,229.3558,0.081,3.0861,1.21,0.0
1576083089596274710,140,1576083089596050127,,2019,12,11,16,52,43,699550224,1002,247,3,131,234,23,40.2465768,-111.6491661,1402.239,1421.015,0.014,0.01,-0.871,-1.149,-0.085,1.442,232.83082,0.083,3.15585,1.21,0.0
1576083089695317919,141,1576083089695071544,,2019,12,11,16,52,43,799550181,1002,247,3,131,234,23,40.2465757,-111.6491676,1402.241,1421.016,0.014,0.01,-1.267,-1.246,-0.003,1.777,224.51822,0.084,2.54817,1.21,0.0
1576083089795269669,142,1576083089795045627,,2019,12,11,16,52,43,899550137,1002,247,3,131,234,23,40.2465748,-111.6491686,1402.22,1420.996,0.014,0.01,-0.989,-0.886,-0.028,1.328,221.86287,0.086,3.40785,1.21,0.0
1576083089903365794,143,1576083089903069794,,2019,12,11,16,52,44,-449905,1002,247,3,131,234,23,40.2465739,-111.6491697,1402.225,1421.001,0.014,0.01,-0.982,-0.902,0.093,1.334,222.55466,0.082,3.36884,1.21,0.0
1576083089996288169,144,1576083089996060877,,2019,12,11,16,52,44,99550051,1002,247,3,131,234,23,40.2465727,-111.649171,1402.214,1420.99,0.014,0.01,-1.333,-1.139,0.034,1.753,220.51167,0.084,2.55206,1.21,0.0
1576083090096267294,145,1576083090096049085,,2019,12,11,16,52,44,199550007,1001,247,3,131,234,24,40.2465716,-111.6491723,1402.214,1420.99,0.014,0.01,-1.172,-1.077,0.043,1.592,222.56128,0.081,2.74401,1.15,0.0
1576083090199343377,146,1576083090199060919,,2019,12,11,16,52,44,299549964,1001,247,3,131,234,24,40.2465705,-111.6491736,1402.214,1420.989,0.014,0.01,-1.24,-1.111,0.007,1.665,221.85331,0.082,2.59679,1.15,0.0
1576083090285288460,147,1576083090285065252,,2019,12,11,16,52,44,399549921,1001,247,3,131,234,24,40.2465695,-111.6491747,1402.203,1420.979,0.014,0.01,-1.132,-0.91,0.031,1.452,218.79775,0.08,2.88454,1.15,0.0
1576083090390344835,148,1576083090390088794,,2019,12,11,16,52,44,499549877,1001,247,3,131,234,24,40.2465684,-111.6491759,1402.2,1420.976,0.014,0.01,-1.237,-1.057,0.05,1.628,220.5122,0.08,2.55992,1.15,0.0
1576083090499278835,149,1576083090499054335,,2019,12,11,16,52,44,599549834,1001,247,3,131,234,24,40.2465672,-111.6491768,1402.195,1420.971,0.014,0.01,-1.232,-0.74,0.037,1.438,210.99528,0.082,2.79591,1.15,0.0
1576083090597325585,150,1576083090597075502,,2019,12,11,16,52,44,699549791,1001,247,3,131,234,24,40.2465661,-111.6491777,1402.182,1420.957,0.014,0.01,-1.292,-0.842,0.033,1.542,213.10525,0.081,2.57498,1.15,0.0
1576083090696330294,151,1576083090696053877,,2019,12,11,16,52,44,799549748,1002,247,3,131,234,24,40.2465649,-111.6491786,1402.183,1420.959,0.014,0.01,-1.345,-0.702,0.086,1.517,207.56865,0.082,2.59212,1.15,0.0
1576083090798344002,152,1576083090798076627,,2019,12,11,16,52,44,899549705,1001,247,3,131,234,24,40.2465636,-111.6491793,1402.176,1420.951,0.014,0.01,-1.38,-0.688,0.013,1.542,206.50061,0.084,2.54871,1.15,0.0
1576083090898331502,153,1576083090898052002,,2019,12,11,16,52,45,-450338,1002,247,3,131,234,24,40.2465624,-111.64918,1402.171,1420.946,0.014,0.01,-1.39,-0.535,0.068,1.49,201.03398,0.083,2.56145,1.15,0.0
1576083090997311335,154,1576083090997046460,,2019,12,11,16,52,45,99549618,1002,247,3,131,234,24,40.246561,-111.6491806,1402.164,1420.94,0.014,0.01,-1.518,-0.484,0.07,1.593,197.69041,0.083,2.40962,1.15,0.0
1576083091098290669,155,1576083091098060460,,2019,12,11,16,52,45,199549575,1002,247,3,131,234,24,40.2465597,-111.6491812,1402.162,1420.937,0.014,0.01,-1.464,-0.51,0.056,1.55,199.20503,0.083,2.45056,1.15,0.0
1576083091199319419,156,1576083091199059252,,2019,12,11,16,52,45,299549532,1002,247,3,131,234,24,40.2465583,-111.6491816,1402.145,1420.92,0.014,0.01,-1.571,-0.381,0.053,1.616,193.63482,0.084,2.39847,1.15,0.0
1576083091298295044,157,1576083091298060627,,2019,12,11,16,52,45,399549489,1002,247,3,131,234,24,40.2465568,-111.649182,1402.148,1420.923,0.014,0.01,-1.566,-0.233,0.111,1.583,188.47611,0.082,2.46305,1.15,0.0
1576083091400318086,158,1576083091400070252,,2019,12,11,16,52,45,499549446,1002,247,3,131,234,24,40.2465555,-111.6491822,1402.141,1420.917,0.014,0.01,-1.549,-0.254,-0.006,1.57,189.3082,0.084,2.48905,1.15,0.0
1576083091500294044,159,1576083091500049877,,2019,12,11,16,52,45,599549403,1002,247,3,131,234,24,40.2465541,-111.6491824,1402.129,1420.905,0.014,0.01,-1.534,-0.161,0.057,1.542,185.9926,0.082,2.48694,1.15,0.0
1576083091596281877,160,1576083091596064711,,2019,12,11,16,52,45,699549360,1002,247,3,131,234,24,40.2465525,-111.6491826,1402.129,1420.905,0.014,0.01,-1.687,-0.157,0.073,1.694,185.31766,0.082,2.24793,1.15,0.0
1576083091698316252,161,1576083091698056377,,2019,12,11,16,52,45,799549317,1002,247,3,131,234,24,40.246551,-111.6491828,1402.128,1420.903,0.014,0.01,-1.782,-0.151,0.039,1.789,184.8467,0.082,2.11229,1.15,0.0
1576083091792347627,162,1576083091792056002,,2019,12,11,16,52,45,899549274,1002,247,3,131,234,24,40.2465494,-111.649183,1402.115,1420.891,0.014,0.01,-1.702,-0.156,0.036,1.709,185.23944,0.081,2.23253,1.15,0.0
1576083091904356794,163,1576083091904063544,,2019,12,11,16,52,46,-450768,1002,247,3,131,234,24,40.2465478,-111.6491831,1402.115,1420.891,0.014,0.01,-1.768,-0.153,0.068,1.775,184.93718,0.08,2.14459,1.15,0.0
1576083092004297169,164,1576083092004065002,,2019,12,11,16,52,46,99549188,1002,247,3,131,234,24,40.2465462,-111.6491834,1402.105,1420.881,0.014,0.01,-1.746,-0.226,0.034,1.761,187.38518,0.08,2.1768,1.15,0.0
1576083092100360586,165,1576083092100065127,,2019,12,11,16,52,46,199549145,1002,247,3,131,234,24,40.2465447,-111.6491836,1402.097,1420.872,0.014,0.01,-1.73,-0.164,0.107,1.738,185.41963,0.079,2.22533,1.15,0.0
1576083092199295419,166,1576083092199066627,,2019,12,11,16,52,46,299549102,1002,247,3,131,234,24,40.2465431,-111.6491838,1402.097,1420.873,0.014,0.01,-1.794,-0.162,0.024,1.801,185.15762,0.08,2.09768,1.15,0.0
1576083092301373086,167,1576083092301072836,,2019,12,11,16,52,46,399549059,1002,247,3,131,234,24,40.2465414,-111.6491839,1402.085,1420.86,0.014,0.01,-1.791,-0.108,0.009,1.794,183.45866,0.081,2.12316,1.15,0.0
1576083092400293127,168,1576083092400051586,,2019,12,11,16,52,46,499549016,1002,247,3,131,234,24,40.2465398,-111.649184,1402.083,1420.859,0.014,0.01,-1.866,-0.022,0.095,1.866,180.68187,0.081,2.02079,1.15,0.0
1576083092497354211,169,1576083092497070544,,2019,12,11,16,52,46,599548973,1002,247,3,131,234,25,40.2465381,-111.649184,1402.08,1420.856,0.014,0.01,-1.79,-0.064,0.039,1.791,182.05302,0.081,2.101,1.09,0.0
1576083092596240169,170,1576083092596050836,,2019,12,11,16,52,46,699548931,1002,247,3,131,234,25,40.2465364,-111.649184,1402.074,1420.849,0.014,0.01,-1.884,0.003,0.04,1.884,179.90188,0.082,2.0226,1.09,0.0
1576083092690339877,171,1576083092690078419,,2019,12,11,16,52,46,799548888,1002,247,3,131,234,25,40.2465347,-111.6491841,1402.062,1420.838,0.014,0.01,-1.882,-0.022,0.074,1.882,180.66309,0.079,1.99331,1.09,0.0
1576083092795472169,172,1576083092795114169,,2019,12,11,16,52,46,899548845,1002,247,3,131,234,25,40.2465331,-111.6491841,1402.05,1420.825,0.014,0.01,-1.871,-0.08,0.069,1.872,182.45562,0.08,2.01579,1.09,0.0
1576083092905337086,173,1576083092905070711,,2019,12,11,16,52,47,-451196,1002,247,3,131,234,25,40.2465315,-111.6491842,1402.043,1420.819,0.014,0.01,-1.795,-0.041,0.104,1.795,181.31519,0.08,2.0887,1.13,0.0
1576083093000306836,174,1576083093000069252,,2019,12,11,16,52,47,99548760,1002,247,3,131,234,25,40.2465298,-111.6491842,1402.041,1420.817,0.014,0.01,-1.867,-0.074,0.035,1.868,182.27183,0.081,2.00984,1.13,0.0
1576083093097321669,175,1576083093097048919,,2019,12,11,16,52,47,199548717,1002,247,3,131,234,25,40.246528,-111.6491843,1402.032,1420.808,0.014,0.01,-1.918,0.019,0.004,1.918,179.42352,0.081,1.94185,1.13,0.0
1576083093195284836,176,1576083093195062336,,2019,12,11,16,52,47,299548675,1002,247,3,131,234,25,40.2465263,-111.6491842,1402.026,1420.802,0.014,0.01,-1.951,0.042,0.095,1.951,178.77322,0.081,1.9343,1.13,0.0
1576083093288315294,177,1576083093288051127,,2019,12,11,16,52,47,399548632,1002,247,3,131,234,25,40.2465246,-111.6491842,1402.013,1420.788,0.014,0.01,-1.86,-0.007,0.068,1.86,180.21348,0.082,2.04256,1.09,0.0
1576083093398268127,178,1576083093398060627,,2019,12,11,16,52,47,499548590,1002,247,3,131,234,25,40.2465229,-111.6491841,1402.005,1420.78,0.014,0.01,-1.905,0.089,0.111,1.907,177.33592,0.083,2.01213,1.09,0.0
1576083093499345919,179,1576083093499061419,,2019,12,11,16,52,47,599548548,1002,247,3,131,234,24,40.2465213,-111.6491841,1401.999,1420.774,0.014,0.01,-1.827,0.019,0.065,1.827,179.39194,0.083,2.08112,1.17,0.0
1576083093588344711,180,1576083093588063877,,2019,12,11,16,52,47,699548506,1002,247,3,131,234,24,40.2465196,-111.649184,1401.998,1420.774,0.014,0.01,-1.766,0.06,0.039,1.767,178.05539,0.082,2.16312,1.17,0.0
1576083093694367961,181,1576083093694077502,,2019,12,11,16,52,47,799548463,1002,247,3,131,234,24,40.2465181,-111.6491841,1401.984,1420.76,0.014,0.01,-1.775,-0.029,0.024,1.775,180.94311,0.083,2.13598,1.17,0.0
1576083093787335211,182,1576083093787087127,,2019,12,11,16,52,47,899548421,1001,247,3,131,234,24,40.2465165,-111.6491841,1401.984,1420.76,0.014,0.01,-1.717,-0.035,0.039,1.718,181.16306,0.083,2.22139,1.17,0.0
1576083093905331794,183,1576083093905078752,,2019,12,11,16,52,48,-451620,1002,247,3,131,234,25,40.246515,-111.6491841,1401.977,1420.753,0.014,0.01,-1.725,-0.022,0.043,1.726,180.74354,0.085,2.24902,1.13,0.0
1576083093989354336,184,1576083093989067544,,2019,12,11,16,52,48,99548337,1001,247,3,131,234,24,40.2465133,-111.6491841,1401.973,1420.749,0.014,0.01,-1.823,0.009,0.038,1.823,179.72242,0.086,2.1857,1.17,0.0
1576083094085360669,185,1576083094085069711,,2019,12,11,16,52,48,199548295,1001,247,3,131,234,25,40.2465118,-111.6491841,1401.968,1420.743,0.014,0.01,-1.718,0.011,0.054,1.718,179.62585,0.085,2.30472,1.13,0.0
1576083094193366461,186,1576083094193094378,,2019,12,11,16,52,48,299548253,1001,247,3,131,234,25,40.2465102,-111.649184,1401.968,1420.744,0.014,0.01,-1.7,0.1,0.041,1.703,176.64131,0.084,2.31722,1.13,0.0
1576083094296347294,187,1576083094296071836,,2019,12,11,16,52,48,399548212,1002,247,3,131,234,25,40.2465086,-111.649184,1401.951,1420.726,0.014,0.01,-1.762,0.036,0.031,1.762,178.84167,0.085,2.28381,1.13,0.0
1576083094398321211,188,1576083094398068753,,2019,12,11,16,52,48,499548170,1002,247,3,131,234,25,40.2465071,-111.6491839,1401.937,1420.712,0.014,0.01,-1.745,0.025,0.157,1.745,179.18096,0.084,2.31969,1.13,0.0
1576083094490330294,189,1576083094490063044,,2019,12,11,16,52,48,599548128,1002,247,3,131,234,25,40.2465056,-111.6491839,1401.943,1420.719,0.014,0.01,-1.686,0.003,0.062,1.686,179.91195,0.084,2.44048,1.13,0.0
1576083094595308503,190,1576083094595067461,,2019,12,11,16,52,48,699548086,1002,247,3,131,234,25,40.2465041,-111.6491839,1401.929,1420.704,0.014,0.01,-1.659,0.014,0.024,1.659,179.50916,0.084,2.45319,1.13,0.0
1576083094696296419,191,1576083094696058169,,2019,12,11,16,52,48,799548044,1002,247,3,131,234,25,40.2465026,-111.6491839,1401.92,1420.695,0.014,0.01,-1.653,-0.007,0.07,1.653,180.22631,0.085,2.5032,1.13,0.0
1576083094796328961,192,1576083094796058544,,2019,12,11,16,52,48,899548002,1002,247,3,131,234,25,40.246501,-111.6491839,1401.921,1420.696,0.014,0.01,-1.7,-0.016,0.08,1.7,180.53226,0.084,2.4102,1.13,0.0
1576083094903309253,193,1576083094903069086,,2019,12,11,16,52,49,-452038,1002,247,3,131,234,25,40.2464994,-111.6491839,1401.914,1420.689,0.014,0.01,-1.824,0.049,0.021,1.825,178.46229,0.084,2.21615,1.13,0.0
1576083094996277544,194,1576083094996051128,,2019,12,11,16,52,49,99547919,1002,247,3,131,234,25,40.2464978,-111.6491839,1401.903,1420.679,0.014,0.01,-1.833,0.006,0.05,1.833,179.80902,0.085,2.24159,1.13,0.0
1576083095097364878,195,1576083095097069836,,2019,12,11,16,52,49,199547878,1002,247,3,131,234,25,40.246496,-111.6491839,1401.89,1420.665,0.014,0.01,-1.882,-0.029,0.109,1.882,180.86859,0.084,2.14464,1.13,0.0
1576083095197310961,196,1576083095197052044,,2019,12,11,16,52,49,299547836,1002,247,3,131,234,25,40.2464944,-111.6491839,1401.879,1420.655,0.014,0.01,-1.858,-0.013,0.123,1.858,180.40258,0.081,2.13401,1.13,0.0
1576083095299396794,197,1576083095299084711,,2019,12,11,16,52,49,399547794,1002,247,3,131,234,25,40.2464927,-111.649184,1401.863,1420.638,0.014,0.01,-1.847,-0.059,0.116,1.848,181.83073,0.08,2.11455,1.13,0.0
1576083095393355336,198,1576083095393068336,,2019,12,11,16,52,49,499547753,1002,247,3,131,234,25,40.246491,-111.649184,1401.874,1420.65,0.014,0.01,-1.892,-0.01,0.079,1.892,180.3133,0.08,2.03228,1.13,0.0
1576083095497293753,199,1576083095497060336,,2019,12,11,16,52,49,599547712,1002,247,3,131,234,25,40.2464893,-111.6491841,1401.862,1420.638,0.014,0.01,-1.877,-0.048,-0.052,1.878,181.45049,0.082,2.07506,1.13,0.0
1576083095598319086,200,1576083095598041128,,2019,12,11,16,52,49,699547670,1002,247,3,131,234,25,40.2464877,-111.649184,1401.852,1420.627,0.014,0.01,-1.849,-0.003,0.071,1.849,180.10612,0.081,2.10945,1.13,0.0
1576083095696321086,201,1576083095696076128,,2019,12,11,16,52,49,799547629,1002,247,3,131,234,25,40.246486,-111.649184,1401.846,1420.622,0.014,0.01,-1.85,0.028,0.078,1.851,179.14226,0.08,2.13258,1.13,0.0
1576083095796306211,202,1576083095796078544,,2019,12,11,16,52,49,899547587,1002,247,3,131,234,25,40.2464843,-111.649184,1401.839,1420.614,0.014,0.01,-1.83,-0.009,0.045,1.83,180.29398,0.082,2.16614,1.13,0.0
1576083095904290836,203,1576083095904063711,,2019,12,11,16,52,50,-452453,1002,247,3,131,234,25,40.2464827,-111.6491841,1401.835,1420.611,0.014,0.01,-1.794,0.006,0.101,1.794,179.79908,0.082,2.2783,1.13,0.0
1576083095987301211,204,1576083095987069961,,2019,12,11,16,52,50,99547505,1001,247,3,131,234,25,40.2464811,-111.649184,1401.827,1420.602,0.014,0.01,-1.858,0.004,0.021,1.858,179.86732,0.082,2.17814,1.13,0.0
1576083096096308544,205,1576083096096078753,,2019,12,11,16,52,50,199547464,1002,247,3,131,234,25,40.2464794,-111.6491841,1401.823,1420.599,0.014,0.01,-1.787,-0.071,0.076,1.788,182.27609,0.082,2.26258,1.13,0.0
1576083096199341419,206,1576083096199071503,,2019,12,11,16,52,50,299547423,1002,247,3,131,234,25,40.2464779,-111.6491841,1401.81,1420.585,0.014,0.01,-1.762,0.02,0.03,1.762,179.3504,0.083,2.28971,1.13,0.0
1576083096292285919,207,1576083096292076919,,2019,12,11,16,52,50,399547381,1002,247,3,131,234,25,40.2464763,-111.6491841,1401.802,1420.577,0.014,0.01,-1.768,0.012,0.122,1.768,179.61294,0.081,2.24407,1.13,0.0
1576083096398318378,208,1576083096398054919,,2019,12,11,16,52,50,499547340,1002,247,3,131,234,25,40.2464746,-111.6491841,1401.803,1420.579,0.014,0.01,-1.806,0.014,0.053,1.806,179.56717,0.082,2.15342,1.13,0.0
1576083096499256544,209,1576083096499051628,,2019,12,11,16,52,50,599547299,1002,247,3,131,234,25,40.246473,-111.6491841,1401.779,1420.555,0.014,0.01,-1.835,0.043,0.064,1.835,178.65099,0.084,2.13215,1.13,0.0
1576083096597280586,210,1576083096597058336,,2019,12,11,16,52,50,699547258,1002,247,3,131,234,25,40.2464714,-111.649184,1401.779,1420.554,0.014,0.01,-1.814,0.056,0.134,1.814,178.22626,0.083,2.1749,1.13,0.0
1576083096696350419,211,1576083096696067336,,2019,12,11,16,52,50,799547218,1002,247,3,131,234,25,40.2464697,-111.649184,1401.779,1420.554,0.014,0.01,-1.842,-0.008,0.008,1.842,180.26375,0.085,2.14512,1.13,0.0
1576083096797321711,212,1576083096797051753,,2019,12,11,16,52,50,899547177,1002,247,3,131,234,25,40.2464681,-111.649184,1401.761,1420.537,0.014,0.01,-1.808,0.045,0.046,1.809,178.56471,0.083,2.17577,1.13,0.0
1576083096906351878,213,1576083096906081336,,2019,12,11,16,52,51,-452863,1002,247,3,131,234,25,40.2464665,-111.6491839,1401.747,1420.523,0.014,0.01,-1.777,0.041,0.122,1.777,178.68384,0.08,2.19276,1.13,0.0
1576083096998273920,214,1576083096998051795,,2019,12,11,16,52,51,99547095,1002,247,3,131,234,25,40.2464648,-111.6491839,1401.744,1420.519,0.014,0.01,-1.811,0.005,0.1,1.811,179.85695,0.079,2.17374,1.13,0.0
1576083097097289295,215,1576083097097055003,,2019,12,11,16,52,51,199547054,1002,247,3,131,234,25,40.2464632,-111.6491838,1401.739,1420.514,0.014,0.01,-1.807,0.06,0.028,1.808,178.10789,0.081,2.14765,1.13,0.0
1576083097192363753,216,1576083097192067961,,2019,12,11,16,52,51,299547013,1002,247,3,131,234,25,40.2464617,-111.6491838,1401.732,1420.507,0.014,0.01,-1.713,0.007,0.038,1.713,179.75276,0.081,2.25245,1.13,0.0
1576083097299262711,217,1576083097299055336,,2019,12,11,16,52,51,399546973,1002,247,3,131,234,25,40.2464601,-111.6491838,1401.727,1420.502,0.014,0.01,-1.816,0.021,0.038,1.816,179.33747,0.082,2.16557,1.13,0.0
1576083097399326295,218,1576083097399060461,,2019,12,11,16,52,51,499546932,1002,247,3,131,234,25,40.2464585,-111.6491838,1401.708,1420.483,0.014,0.01,-1.747,0.034,0.1,1.747,178.87976,0.081,2.22298,1.13,0.0
1576083097498298253,219,1576083097498048211,,2019,12,11,16,52,51,599546892,1002,247,3,131,234,25,40.2464569,-111.6491837,1401.709,1420.484,0.014,0.01,-1.714,0.048,0.083,1.714,178.40345,0.081,2.28311,1.13,0.0
1576083097595308503,220,1576083097595067711,,2019,12,11,16,52,51,699546851,1002,247,3,131,234,25,40.2464553,-111.6491838,1401.701,1420.476,0.014,0.01,-1.828,-0.006,0.051,1.828,180.17588,0.082,2.09997,1.13,0.0
1576083097697324836,221,1576083097697054920,,2019,12,11,16,52,51,799546810,1002,247,3,131,234,25,40.2464537,-111.6491837,1401.69,1420.465,0.014,0.01,-1.714,0.004,0.075,1.714,179.87141,0.08,2.22561,1.13,0.0
1576083097797302545,222,1576083097797052461,,2019,12,11,16,52,51,899546770,1002,247,3,131,234,25,40.2464522,-111.6491838,1401.686,1420.461,0.014,0.01,-1.665,-0.044,0.042,1.666,181.51702,0.08,2.27392,1.13,0.0
1576083097903353545,223,1576083097903078086,,2019,12,11,16,52,52,-453270,1002,247,3,131,234,25,40.2464507,-111.6491838,1401.672,1420.447,0.014,0.01,-1.707,-0.068,0.061,1.709,182.26848,0.082,2.29121,1.13,0.0
1576083098000331378,224,1576083098000067670,,2019,12,11,16,52,52,99546689,1002,247,3,131,234,24,40.2464493,-111.6491839,1401.679,1420.455,0.014,0.01,-1.525,-0.03,0.081,1.526,181.13409,0.083,2.63179,1.17,0.0
1576083098093422920,225,1576083098093073920,,2019,12,11,16,52,52,199546648,1002,247,3,131,234,25,40.2464477,-111.6491839,1401.669,1420.445,0.014,0.01,-1.749,0.009,0.002,1.75,179.70683,0.084,2.25577,1.13,0.0
1576083098201348420,226,1576083098201074961,,2019,12,11,16,52,52,299546608,1002,247,3,131,234,25,40.2464462,-111.649184,1401.654,1420.43,0.014,0.01,-1.666,-0.059,0.041,1.667,182.01586,0.082,2.39775,1.13,0.0
1576083098299320003,227,1576083098299053295,,2019,12,11,16,52,52,399546568,1002,247,3,131,234,24,40.2464447,-111.649184,1401.65,1420.425,0.014,0.01,-1.558,-0.079,0.076,1.56,182.90801,0.081,2.56944,1.17,0.0
1576083098399564003,228,1576083098399111170,,2019,12,11,16,52,52,499546527,1002,247,3,131,234,24,40.2464433,-111.6491841,1401.652,1420.428,0.014,0.01,-1.689,-0.003,0.096,1.689,180.09626,0.08,2.35491,1.17,0.0
1576083098499518420,229,1576083098499109545,,2019,12,11,16,52,52,599546487,1002,247,3,131,234,24,40.2464417,-111.6491841,1401.65,1420.425,0.014,0.01,-1.767,-0.076,-0.035,1.769,182.46219,0.081,2.29881,1.17,0.0
1576083098598629878,230,1576083098598103461,,2019,12,11,16,52,52,699546447,1002,247,3,131,234,25,40.2464402,-111.6491842,1401.628,1420.404,0.014,0.01,-1.608,-0.087,0.038,1.61,183.09583,0.081,2.55699,1.13,0.0
1576083098697522503,231,1576083098697118086,,2019,12,11,16,52,52,799546407,1002,247,3,131,234,25,40.2464387,-111.6491844,1401.624,1420.399,0.014,0.01,-1.706,-0.117,0.163,1.71,183.93534,0.081,2.35382,1.13,0.0
1576083098796504586,232,1576083098796095336,,2019,12,11,16,52,52,899546367,1002,247,3,131,234,25,40.2464371,-111.6491845,1401.62,1420.396,0.014,0.01,-1.713,-0.151,0.028,1.719,185.04077,0.081,2.29247,1.13,0.0
1576083098906602211,233,1576083098906150003,,2019,12,11,16,52,53,-453673,1002,247,3,131,234,25,40.2464357,-111.6491846,1401.61,1420.386,0.014,0.01,-1.591,-0.084,0.025,1.593,183.01088,0.08,2.47444,1.13,0.0
1576083098991479711,234,1576083098991098961,,2019,12,11,16,52,53,99546286,1002,247,3,131,234,25,40.2464341,-111.6491847,1401.607,1420.382,0.014,0.01,-1.734,-0.063,0.061,1.735,182.08042,0.079,2.26497,1.13,0.0
1576083099096546711,235,1576083099096136045,,2019,12,11,16,52,53,199546246,1002,247,3,131,234,25,40.2464326,-111.6491849,1401.589,1420.365,0.014,0.01,-1.708,-0.085,0.043,1.71,182.84975,0.081,2.36227,1.13,0.0
1576083099199446503,236,1576083099199095420,,2019,12,11,16,52,53,299546206,1002,247,3,131,234,25,40.2464311,-111.6491849,1401.588,1420.363,0.014,0.01,-1.707,-0.02,0.115,1.707,180.67985,0.08,2.40638,1.13,0.0
1576083099301364586,237,1576083099301079920,,2019,12,11,16,52,53,399546166,1002,247,3,131,234,25,40.2464296,-111.6491849,1401.581,1420.357,0.014,0.01,-1.644,-0.044,0.047,1.644,181.53962,0.08,2.42873,1.13,0.0
1576083099398306920,238,1576083099398060003,,2019,12,11,16,52,53,499546126,1002,247,3,131,234,24,40.246428,-111.649185,1401.58,1420.356,0.014,0.01,-1.746,-0.065,0.025,1.748,182.12091,0.08,2.25395,1.17,0.0
1576083099497388961,239,1576083099497088461,,2019,12,11,16,52,53,599546086,1002,247,3,131,234,24,40.2464265,-111.649185,1401.583,1420.358,0.014,0.01,-1.711,0.011,-0.003,1.711,179.63193,0.081,2.3626,1.17,0.0
1576083099596309878,240,1576083099596065253,,2019,12,11,16,52,53,699546046,1002,247,3,131,234,24,40.246425,-111.6491849,1401.57,1420.346,0.014,0.01,-1.665,0.01,0.01,1.665,179.64605,0.082,2.41086,1.17,0.0
1576083099693397170,241,1576083099693074462,,2019,12,11,16,52,53,799546006,1002,247,3,131,234,24,40.2464234,-111.6491849,1401.557,1420.333,0.014,0.01,-1.804,0.009,0.123,1.804,179.70499,0.079,2.24717,1.17,0.0
1576083099797333878,242,1576083099797073920,,2019,12,11,16,52,53,899545967,1002,247,3,131,234,25,40.2464218,-111.6491849,1401.56,1420.336,0.014,0.01,-1.683,0.005,0.021,1.683,179.82493,0.079,2.42422,1.13,0.0
1576083099897332712,243,1576083099897065128,,2019,12,11,16,52,54,-454072,1002,247,3,131,234,25,40.2464203,-111.6491848,1401.548,1420.323,0.014,0.01,-1.685,0.041,0.037,1.686,178.5976,0.08,2.30903,1.13,0.0
1576083099995328795,244,1576083099995062087,,2019,12,11,16,52,54,99545887,1002,247,3,131,234,24,40.2464187,-111.6491849,1401.543,1420.318,0.014,0.01,-1.732,-0.006,0.077,1.732,180.18383,0.08,2.29124,1.17,0.0
1576083100097363712,245,1576083100097062962,,2019,12,11,16,52,54,199545847,1002,247,3,131,234,25,40.2464172,-111.6491849,1401.542,1420.317,0.014,0.01,-1.719,-0.005,0.074,1.719,180.17198,0.082,2.30244,1.13,0.0
1576083100196318337,246,1576083100196056170,,2019,12,11,16,52,54,299545807,1002,247,3,131,234,25,40.2464156,-111.6491848,1401.538,1420.313,0.014,0.01,-1.735,0.04,0.042,1.735,178.68576,0.083,2.32905,1.13,0.0
1576083100285308753,247,1576083100285075712,,2019,12,11,16,52,54,399545768,1002,247,3,131,234,25,40.2464141,-111.6491849,1401.532,1420.307,0.014,0.01,-1.716,-0.029,0.009,1.717,180.97937,0.082,2.33905,1.13,0.0
1576083100395291920,248,1576083100395068337,,2019,12,11,16,52,54,499545728,1002,247,3,131,234,25,40.2464126,-111.6491848,1401.522,1420.298,0.014,0.01,-1.717,0.085,0.037,1.719,177.16151,0.081,2.32018,1.13,0.0
1576083100491308003,249,1576083100491061128,,2019,12,11,16,52,54,599545688,1002,247,3,131,234,25,40.246411,-111.6491848,1401.511,1420.286,0.014,0.01,-1.75,-0.007,0.106,1.75,180.23946,0.08,2.26911,1.13,0.0
1576083100595532420,250,1576083100595099170,,2019,12,11,16,52,54,699545649,1002,247,3,131,234,25,40.2464095,-111.6491848,1401.5,1420.276,0.014,0.01,-1.723,0.032,0.069,1.723,178.93207,0.08,2.30281,1.13,0.0
1576083100696516170,251,1576083100696112628,,2019,12,11,16,52,54,799545609,1002,247,3,131,234,25,40.2464078,-111.6491848,1401.49,1420.266,0.014,0.01,-1.786,-0.012,0.102,1.786,180.38565,0.081,2.26798,1.13,0.0
1576083100790597003,252,1576083100790139087,,2019,12,11,16,52,54,899545569,1002,247,3,131,234,25,40.2464063,-111.6491847,1401.486,1420.261,0.014,0.01,-1.707,0.065,0.091,1.709,177.80308,0.084,2.41111,1.13,0.0
1576083100904563837,253,1576083100904134295,,2019,12,11,16,52,55,-454469,1002,247,3,131,234,25,40.2464049,-111.6491846,1401.478,1420.254,0.014,0.01,-1.594,0.061,0.034,1.595,177.80315,0.084,2.55648,1.13,0.0
1576083101000516462,254,1576083101000108087,,2019,12,11,16,52,55,99545490,1002,247,3,131,234,25,40.2464033,-111.6491846,1401.474,1420.25,0.014,0.01,-1.668,0.058,0.065,1.669,177.9953,0.084,2.44412,1.13,0.0
1576083101099545212,255,1576083101099114128,,2019,12,11,16,52,55,199545450,1002,247,3,131,234,25,40.2464018,-111.6491845,1401.471,1420.247,0.014,0.01,-1.781,0.076,0.021,1.782,177.56713,0.085,2.28669,1.13,0.0
1576083101199444503,256,1576083101199079170,,2019,12,11,16,52,55,299545411,1002,247,3,131,234,25,40.2464003,-111.6491845,1401.462,1420.238,0.014,0.01,-1.669,0.022,-0.004,1.669,179.24065,0.09,2.61257,1.13,0.0
1576083101301422837,257,1576083101301086128,,2019,12,11,16,52,55,399545372,1002,247,3,131,234,25,40.2463988,-111.6491844,1401.446,1420.222,0.014,0.01,-1.632,0.053,0.075,1.632,178.12917,0.089,2.69435,1.13,0.0
1576083101398418753,258,1576083101398078087,,2019,12,11,16,52,55,499545332,1002,247,3,131,234,25,40.2463973,-111.6491844,1401.448,1420.223,0.014,0.01,-1.666,0.005,0.176,1.666,179.82732,0.086,2.59364,1.13,0.0
1576083101496417170,259,1576083101496078712,,2019,12,11,16,52,55,599545292,1002,247,3,131,234,25,40.2463958,-111.6491843,1401.441,1420.216,0.014,0.01,-1.712,0.041,0.001,1.712,178.61757,0.087,2.51485,1.13,0.0
1576083101597405920,260,1576083101597064503,,2019,12,11,16,52,55,699545253,1002,247,3,131,234,25,40.2463942,-111.6491842,1401.433,1420.209,0.014,0.01,-1.702,0.117,0.034,1.706,176.06866,0.085,2.50843,1.13,0.0
1576083101690394253,261,1576083101690090420,,2019,12,11,16,52,55,799545213,1002,247,3,131,234,25,40.2463926,-111.6491841,1401.432,1420.208,0.014,0.01,-1.737,0.081,0.044,1.739,177.34352,0.089,2.50897,1.13,0.0
1576083101795326087,262,1576083101795059920,,2019,12,11,16,52,55,899545174,1002,247,3,131,234,25,40.2463911,-111.6491841,1401.422,1420.198,0.014,0.01,-1.72,0.007,0.064,1.72,179.7691,0.087,2.50636,1.13,0.0
1576083101904375170,263,1576083101904074795,,2019,12,11,16,52,56,-454864,1002,247,3,131,234,25,40.2463895,-111.649184,1401.415,1420.191,0.014,0.01,-1.705,0.085,0.06,1.707,177.14691,0.087,2.48038,1.13,0.0
1576083101999339087,264,1576083101999072420,,2019,12,11,16,52,56,99545095,1002,247,3,131,234,25,40.246388,-111.649184,1401.41,1420.186,0.014,0.01,-1.753,0.083,0.06,1.755,177.30445,0.087,2.41691,1.13,0.0
1576083102096326295,265,1576083102096057087,,2019,12,11,16,52,56,199545056,1002,247,3,131,234,25,40.2463865,-111.649184,1401.396,1420.172,0.014,0.01,-1.704,-0.055,0.047,1.704,181.85703,0.087,2.49138,1.13,0.0
1576083102199382545,266,1576083102199072087,,2019,12,11,16,52,56,299545016,1002,247,3,131,234,25,40.2463849,-111.649184,1401.39,1420.166,0.014,0.01,-1.67,0.034,0.114,1.67,178.8505,0.087,2.58021,1.13,0.0
1576083102300378503,267,1576083102300072462,,2019,12,11,16,52,56,399544977,1002,247,3,131,234,25,40.2463834,-111.649184,1401.385,1420.161,0.014,0.01,-1.621,-0.045,0.105,1.621,181.60572,0.085,2.63081,1.13,0.0
1576083102398369129,268,1576083102398058462,,2019,12,11,16,52,56,499544938,1002,247,3,131,234,25,40.2463819,-111.649184,1401.381,1420.156,0.014,0.01,-1.776,0.022,0.014,1.776,179.28345,0.088,2.39039,1.13,0.0
1576083102497361087,269,1576083102497051670,,2019,12,11,16,52,56,599544898,1002,247,3,131,234,25,40.2463804,-111.649184,1401.369,1420.144,0.014,0.01,-1.705,0.028,-0.009,1.705,179.0494,0.087,2.44573,1.13,0.0
1576083102587395254,270,1576083102587083212,,2019,12,11,16,52,56,699544859,1002,247,3,131,234,25,40.2463788,-111.649184,1401.359,1420.135,0.014,0.01,-1.77,-0.069,0.082,1.771,182.2453,0.085,2.37962,1.13,0.0
1576083102685325170,271,1576083102685083337,,2019,12,11,16,52,56,799544820,1001,247,3,131,234,25,40.2463772,-111.649184,1401.351,1420.127,0.014,0.01,-1.752,0.022,0.081,1.752,179.288,0.084,2.31,1.13,0.0
1576083102796337879,272,1576083102796063837,,2019,12,11,16,52,56,899544781,1002,247,3,131,234,25,40.2463756,-111.649184,1401.348,1420.123,0.014,0.01,-1.776,-0.009,0.094,1.776,180.29619,0.084,2.26279,1.13,0.0
1576083102903378504,273,1576083102903082754,,2019,12,11,16,52,57,-455258,1002,247,3,131,234,25,40.246374,-111.6491841,1401.344,1420.119,0.014,0.01,-1.734,-0.063,0.038,1.735,182.09459,0.085,2.33517,1.13,0.0
1576083102995330045,274,1576083102995075337,,2019,12,11,16,52,57,99544702,1002,247,3,131,234,25,40.2463725,-111.6491841,1401.336,1420.112,0.014,0.01,-1.729,-0.014,0.032,1.729,180.4478,0.085,2.35788,1.13,0.0
1576083103097367754,275,1576083103097063629,,2019,12,11,16,52,57,199544663,1002,247,3,131,234,25,40.2463709,-111.6491841,1401.34,1420.116,0.014,0.01,-1.682,-0.005,0.035,1.682,180.18717,0.087,2.45351,1.13,0.0
1576083103198360254,276,1576083103198068670,,2019,12,11,16,52,57,299544625,1002,247,3,131,234,25,40.2463695,-111.6491841,1401.327,1420.103,0.014,0.01,-1.672,0.025,0.011,1.672,179.12732,0.086,2.45784,1.13,0.0
1576083103297254837,277,1576083103297044170,,2019,12,11,16,52,57,399544586,1002,247,3,131,234,25,40.246368,-111.6491841,1401.316,1420.092,0.014,0.01,-1.645,0.029,0.088,1.646,178.99516,0.085,2.48686,1.13,0.0
1576083103397289795,278,1576083103397051795,,2019,12,11,16,52,57,499544547,1002,247,3,131,234,25,40.2463666,-111.6491841,1401.305,1420.081,0.014,0.01,-1.578,-0.038,0.108,1.579,181.37454,0.087,2.6284,1.13,0.0
1576083103490317462,279,1576083103490065545,,2019,12,11,16,52,57,599544508,1002,247,3,131,234,25,40.2463652,-111.649184,1401.3,1420.075,0.014,0.01,-1.551,0.115,0.078,1.555,175.74514,0.087,2.63652,1.13,0.0
1576083103595285087,280,1576083103595056504,,2019,12,11,16,52,57,699544469,1002,247,3,131,234,25,40.2463638,-111.6491839,1401.294,1420.069,0.014,0.01,-1.463,0.012,0.053,1.463,179.51059,0.086,2.80891,1.13,0.0
1576083103694395837,281,1576083103694073087,,2019,12,11,16,52,57,799544430,1002,247,3,131,234,25,40.2463625,-111.6491839,1401.285,1420.06,0.014,0.01,-1.491,0.008,0.086,1.491,179.70856,0.085,2.73178,1.13,0.0
1576083103795355795,282,1576083103795072295,,2019,12,11,16,52,57,899544391,1002,247,3,131,234,25,40.2463612,-111.6491839,1401.282,1420.057,0.014,0.01,-1.455,0.087,0.054,1.458,176.56332,0.086,2.76564,1.13,0.0
1576083103902418879,283,1576083103902082962,,2019,12,11,16,52,58,-455647,1003,247,3,131,234,25,40.2463601,-111.6491838,1401.279,1420.054,0.014,0.01,-1.261,0.021,0.018,1.261,179.06124,0.085,3.17519,1.13,0.0
1576083103994361254,284,1576083103994099795,,2019,12,11,16,52,58,99544313,1003,247,3,131,234,25,40.246359,-111.6491838,1401.273,1420.048,0.014,0.01,-1.248,0.071,0.018,1.25,176.72194,0.085,3.17186,1.13,0.0
1576083104084447837,285,1576083104084087254,,2019,12,11,16,52,58,199544274,1002,247,3,131,234,25,40.2463579,-111.6491837,1401.271,1420.047,0.014,0.01,-1.16,0.105,0.033,1.165,174.83406,0.084,3.38861,1.13,0.0
1576083104196338045,286,1576083104196071254,,2019,12,11,16,52,58,299544235,1003,247,3,131,234,25,40.246357,-111.6491835,1401.265,1420.04,0.014,0.01,-1.055,0.137,0.032,1.064,172.57222,0.085,3.7138,1.13,0.0
1576083104285365004,287,1576083104285081087,,2019,12,11,16,52,58,399544196,1002,247,3,131,234,25,40.2463561,-111.6491833,1401.257,1420.032,0.014,0.01,-1.0,0.193,0.047,1.019,169.0997,0.083,3.85348,1.13,0.0
1576083104378389045,288,1576083104378070254,,2019,12,11,16,52,58,499544157,1002,247,3,131,234,25,40.2463552,-111.649183,1401.252,1420.028,0.014,0.01,-1.007,0.283,0.004,1.046,164.30527,0.085,3.70815,1.13,0.0
1576083104487376087,289,1576083104487078837,,2019,12,11,16,52,58,599544118,1002,247,3,131,234,25,40.2463544,-111.6491826,1401.26,1420.036,0.014,0.01,-0.846,0.288,-0.019,0.894,161.18243,0.087,4.32566,1.13,0.0
1576083104586317587,290,1576083104586072087,,2019,12,11,16,52,58,699544079,1001,247,3,131,234,26,40.2463537,-111.6491821,1401.256,1420.031,0.014,0.01,-0.764,0.454,-0.06,0.889,149.29483,0.09,4.32073,1.06,0.0
1576083104685351337,291,1576083104685080045,,2019,12,11,16,52,58,799544041,1001,247,3,131,234,26,40.2463532,-111.6491816,1401.257,1420.033,0.014,0.01,-0.566,0.432,-0.031,0.712,142.63377,0.09,5.46825,1.06,0.0
1576083104782379379,292,1576083104782076754,,2019,12,11,16,52,58,899544002,1001,247,3,131,234,26,40.2463527,-111.649181,1401.252,1420.028,0.014,0.01,-0.566,0.53,0.005,0.776,136.87884,0.088,5.16663,1.06,0.0
1576083104891423795,293,1576083104891091004,,2019,12,11,16,52,59,-456036,1001,247,3,131,234,26,40.2463522,-111.6491803,1401.241,1420.016,0.014,0.01,-0.555,0.559,0.1,0.788,134.80136,0.085,5.08858,1.06,0.0
1576083104996371295,294,1576083104996077670,,2019,12,11,16,52,59,99543924,1003,247,3,131,234,26,40.2463518,-111.6491796,1401.251,1420.026,0.014,0.01,-0.463,0.576,0.044,0.738,128.80139,0.086,5.57302,1.06,0.0
1576083105095364379,295,1576083105095071129,,2019,12,11,16,52,59,199543885,1003,247,3,131,234,26,40.2463514,-111.6491789,1401.216,1419.991,0.014,0.01,-0.464,0.666,-0.051,0.811,124.88025,0.089,5.12261,1.06,0.0
1576083105197351462,296,1576083105197074671,,2019,12,11,16,52,59,299543847,1002,247,3,131,234,26,40.2463509,-111.6491781,1401.223,1419.998,0.014,0.01,-0.514,0.715,0.207,0.88,125.69124,0.083,4.75746,1.06,0.0
1576083105290352587,297,1576083105290070171,,2019,12,11,16,52,59,399543808,1002,247,3,131,234,26,40.2463506,-111.6491772,1401.222,1419.998,0.014,0.01,-0.389,0.736,-0.049,0.833,117.86135,0.086,5.09343,1.06,0.0
1576083105395324212,298,1576083105395067504,,2019,12,11,16,52,59,499543769,1002,247,3,131,234,26,40.2463502,-111.6491762,1401.21,1419.985,0.014,0.01,-0.425,0.889,0.028,0.985,115.56869,0.087,4.37285,1.06,0.0
1576083105495297337,299,1576083105495055462,,2019,12,11,16,52,59,599543730,1002,247,3,131,234,25,40.2463498,-111.6491752,1401.21,1419.986,0.014,0.01,-0.37,0.81,0.096,0.891,114.51627,0.083,4.82879,1.13,0.0
1576083105595310671,300,1576083105595067837,,2019,12,11,16,52,59,699543692,1002,247,3,131,234,25,40.2463495,-111.6491739,1401.218,1419.993,0.014,0.01,-0.363,1.073,-0.011,1.133,108.69295,0.086,3.95985,1.13,0.0
1576083105693367921,301,1576083105693076587,,2019,12,11,16,52,59,799543653,1003,247,3,131,234,25,40.2463494,-111.6491726,1401.204,1419.979,0.014,0.01,-0.188,1.142,-0.034,1.157,99.34541,0.082,4.05336,1.13,0.0
1576083105794327587,302,1576083105794058379,,2019,12,11,16,52,59,899543614,1003,247,3,131,234,24,40.2463491,-111.6491713,1401.201,1419.976,0.014,0.01,-0.316,1.071,0.089,1.117,106.45961,0.081,4.19545,1.16,0.0
1576083105902388671,303,1576083105902083587,,2019,12,11,16,53,0,-456424,1003,247,3,131,234,24,40.246349,-111.6491698,1401.201,1419.977,0.014,0.01,-0.174,1.249,0.048,1.261,97.91269,0.079,3.82301,1.16,0.0
1576083105985326712,304,1576083105985082379,,2019,12,11,16,53,0,99543537,1002,247,3,131,234,24,40.2463489,-111.6491683,1401.195,1419.97,0.014,0.01,-0.026,1.34,0.012,1.34,91.11237,0.079,3.75906,1.16,0.0
1576083106096323796,305,1576083106096083587,,2019,12,11,16,53,0,199543498,1003,247,3,131,234,25,40.2463489,-111.6491667,1401.198,1419.973,0.014,0.01,-0.03,1.324,0.014,1.324,91.30603,0.078,3.75987,1.13,0.0
1576083106191325379,306,1576083106191069879,,2019,12,11,16,53,0,299543459,1003,247,3,131,234,25,40.2463489,-111.6491649,1401.2,1419.976,0.014,0.01,-0.04,1.545,0.013,1.546,91.48171,0.079,3.18963,1.13,0.0
1576083106297323921,307,1576083106297064046,,2019,12,11,16,53,0,399543420,1003,247,3,131,234,25,40.2463488,-111.649163,1401.193,1419.969,0.014,0.01,0.041,1.535,-0.007,1.536,88.46265,0.079,3.26662,1.13,0.0
1576083106398359087,308,1576083106398069587,,2019,12,11,16,53,0,499543381,1003,247,3,131,234,25,40.2463488,-111.6491612,1401.189,1419.965,0.014,0.01,0.029,1.594,0.021,1.594,88.97095,0.078,3.14118,1.13,0.0
1576083106497290587,309,1576083106497053504,,2019,12,11,16,53,0,599543342,1003,247,3,131,234,25,40.2463488,-111.6491593,1401.191,1419.966,0.014,0.01,-0.019,1.592,0.043,1.592,90.67078,0.076,3.08635,1.13,0.0
1576083106596305087,310,1576083106596059921,,2019,12,11,16,53,0,699543303,1003,247,3,131,234,25,40.2463489,-111.6491574,1401.188,1419.963,0.014,0.01,0.096,1.635,0.003,1.638,86.64973,0.077,3.0372,1.13,0.0
1576083106697336129,311,1576083106697077171,,2019,12,11,16,53,0,799543265,1002,247,3,131,234,25,40.2463489,-111.6491556,1401.182,1419.957,0.014,0.01,-0.054,1.549,0.008,1.55,91.98968,0.077,3.1709,1.13,0.0
1576083106796295796,312,1576083106796054254,,2019,12,11,16,53,0,899543227,1003,247,3,131,234,25,40.2463489,-111.6491537,1401.184,1419.959,0.014,0.01,-0.009,1.555,0.006,1.555,90.33684,0.077,3.13824,1.13,0.0
1576083106903421796,313,1576083106903085046,,2019,12,11,16,53,1,-456811,1003,247,3,131,234,25,40.2463489,-111.6491519,1401.193,1419.968,0.014,0.01,0.044,1.6,0.014,1.6,88.424,0.075,3.0452,1.13,0.0
1576083106996370754,314,1576083106996073046,,2019,12,11,16,53,1,99543149,1003,247,3,131,234,25,40.2463489,-111.6491501,1401.179,1419.955,0.014,0.01,0.058,1.519,-0.071,1.52,87.81432,0.077,3.23022,1.13,0.0
1576083107091404546,315,1576083107091068254,,2019,12,11,16,53,1,199543111,1003,247,3,131,234,25,40.2463489,-111.6491482,1401.18,1419.956,0.014,0.01,-0.038,1.596,0.097,1.596,91.35374,0.075,3.07746,1.13,0.0
1576083107197334212,316,1576083107197056421,,2019,12,11,16,53,1,299543072,1002,247,3,131,234,25,40.246349,-111.6491464,1401.175,1419.95,0.014,0.01,0.069,1.57,-0.004,1.571,87.49142,0.076,3.14456,1.13,0.0
1576083107296328212,317,1576083107296052754,,2019,12,11,16,53,1,399543033,1003,247,3,131,234,25,40.2463491,-111.6491445,1401.173,1419.949,0.014,0.01,0.136,1.575,0.052,1.581,85.0752,0.075,3.14736,1.13,0.0
1576083107387320504,318,1576083107387061462,,2019,12,11,16,53,1,499542995,1002,247,3,131,234,25,40.2463492,-111.6491428,1401.176,1419.952,0.014,0.01,0.12,1.426,0.031,1.431,85.18965,0.077,3.50848,1.13,0.0
1576083107496323046,319,1576083107496057712,,2019,12,11,16,53,1,599542956,1003,247,3,131,234,25,40.2463493,-111.6491412,1401.177,1419.953,0.014,0.01,0.172,1.315,-0.033,1.327,82.54176,0.077,3.76876,1.13,0.0
1576083107597354296,320,1576083107597063462,,2019,12,11,16,53,1,699542917,1003,247,3,131,234,25,40.2463496,-111.6491397,1401.168,1419.943,0.014,0.01,0.282,1.329,0.044,1.358,78.02256,0.077,3.76271,1.13,0.0
1576083107696339254,321,1576083107696082421,,2019,12,11,16,53,1,799542879,1003,247,3,131,234,25,40.2463499,-111.6491381,1401.176,1419.952,0.014,0.01,0.353,1.335,-0.027,1.381,75.17305,0.078,3.63705,1.13,0.0
1576083107795366754,322,1576083107795071921,,2019,12,11,16,53,1,899542840,1003,247,3,131,234,25,40.2463503,-111.6491365,1401.171,1419.947,0.014,0.01,0.411,1.375,-0.13,1.435,73.36155,0.079,3.47171,1.13,0.0
1576083107903397046,323,1576083107903085004,,2019,12,11,16,53,2,-457197,1003,247,3,131,234,25,40.2463507,-111.649135,1401.171,1419.947,0.014,0.01,0.481,1.294,0.062,1.38,69.62718,0.075,3.53675,1.13,0.0
1576083107991385171,324,1576083107991070296,,2019,12,11,16,53,2,99542763,1003,247,3,131,234,25,40.2463511,-111.6491334,1401.182,1419.958,0.014,0.01,0.504,1.327,-0.01,1.42,69.20683,0.077,3.477,1.13,0.0
1576083108097321546,325,1576083108097064629,,2019,12,11,16,53,2,199542724,1003,247,3,131,234,25,40.2463517,-111.6491319,1401.167,1419.943,0.014,0.01,0.578,1.34,-0.041,1.459,66.65046,0.077,3.42021,1.13,0.0
1576083108198333921,326,1576083108198044504,,2019,12,11,16,53,2,299542685,1003,247,3,131,234,25,40.2463523,-111.6491304,1401.164,1419.94,0.014,0.01,0.669,1.274,0.026,1.439,62.28972,0.078,3.50983,1.13,0.0
1576083108296293254,327,1576083108296057588,,2019,12,11,16,53,2,399542646,1003,247,3,131,234,25,40.246353,-111.649129,1401.171,1419.947,0.014,0.01,0.734,1.219,0.003,1.423,58.93415,0.078,3.47357,1.13,0.0
1576083108395258838,328,1576083108395048671,,2019,12,11,16,53,2,499542608,1003,247,3,131,234,25,40.2463537,-111.6491275,1401.167,1419.943,0.014,0.01,0.809,1.184,-0.037,1.435,55.64697,0.079,3.34908,1.13,0.0
1576083108498328963,329,1576083108498056004,,2019,12,11,16,53,2,599542569,1003,247,3,131,234,25,40.2463545,-111.6491262,1401.185,1419.961,0.014,0.01,0.886,1.125,0.002,1.432,51.77577,0.078,3.36726,1.13,0.0
1576083108595340296,330,1576083108595066796,,2019,12,11,16,53,2,699542531,1003,247,3,131,234,24,40.2463554,-111.6491249,1401.189,1419.965,0.014,0.01,1.063,1.104,-0.119,1.532,46.08041,0.082,3.19956,1.17,0.0
1576083108694357629,331,1576083108694083838,,2019,12,11,16,53,2,799542493,1003,247,3,131,234,24,40.2463564,-111.6491237,1401.195,1419.971,0.014,0.01,1.133,1.015,-0.076,1.521,41.85432,0.083,3.30803,1.17,0.0
1576083108795344713,332,1576083108795071754,,2019,12,11,16,53,2,899542454,1003,247,3,131,234,24,40.2463575,-111.6491225,1401.198,1419.973,0.014,0.01,1.192,1.109,-0.047,1.628,42.93284,0.082,3.08318,1.17,0.0
1576083108895362754,333,1576083108895069379,,2019,12,11,16,53,3,-457583,1003,247,3,131,234,24,40.2463587,-111.6491213,1401.201,1419.976,0.014,0.01,1.28,1.05,-0.018,1.655,39.36128,0.082,3.03423,1.17,0.0
1576083108995347171,334,1576083108995059046,,2019,12,11,16,53,3,99542377,1003,247,3,131,234,24,40.2463598,-111.64912,1401.192,1419.967,0.014,0.01,1.286,1.048,-0.01,1.659,39.17225,0.083,3.14326,1.17,0.0
1576083109097405754,335,1576083109097075879,,2019,12,11,16,53,3,199542339,1003,247,3,131,234,24,40.2463611,-111.6491188,1401.207,1419.982,0.014,0.01,1.409,1.028,0.011,1.744,36.11548,0.085,3.00784,1.17,0.0
1576083109196297254,336,1576083109196046296,,2019,12,11,16,53,3,299542301,1003,247,3,131,234,24,40.2463624,-111.6491176,1401.217,1419.992,0.014,0.01,1.348,0.999,-0.083,1.678,36.55562,0.084,3.08402,1.17,0.0
1576083109296290129,337,1576083109296052546,,2019,12,11,16,53,3,399542262,1003,247,3,131,234,24,40.2463638,-111.6491165,1401.223,1419.999,0.014,0.01,1.554,0.92,-0.116,1.806,30.62922,0.086,2.80971,1.17,0.0
1576083109397279629,338,1576083109397060879,,2019,12,11,16,53,3,499542223,1003,247,3,131,234,24,40.2463652,-111.6491154,1401.225,1420.0,0.014,0.01,1.589,0.944,-0.068,1.848,30.71888,0.084,2.63043,1.17,0.0
1576083109497304254,339,1576083109497038921,,2019,12,11,16,53,3,599542185,1003,247,3,131,234,24,40.2463667,-111.6491144,1401.223,1419.998,0.014,0.01,1.67,0.864,-0.043,1.88,27.34689,0.085,2.55677,1.17,0.0
1576083109596350296,340,1576083109596102004,,2019,12,11,16,53,3,699542146,1002,247,3,131,234,25,40.2463682,-111.6491133,1401.237,1420.013,0.014,0.01,1.755,0.944,0.024,1.993,28.29127,0.085,2.45527,1.09,0.0
1576083109696348129,341,1576083109696070463,,2019,12,11,16,53,3,799542108,1002,247,3,131,234,25,40.2463697,-111.6491122,1401.236,1420.012,0.014,0.01,1.702,0.868,-0.096,1.911,27.01599,0.084,2.52378,1.09,0.0
1576083109791356504,342,1576083109791090504,,2019,12,11,16,53,3,899542070,1002,247,3,131,234,24,40.2463713,-111.6491112,1401.242,1420.017,0.014,0.01,1.76,0.866,-0.041,1.961,26.18804,0.084,2.4506,1.17,0.0
1576083109902366629,343,1576083109902082421,,2019,12,11,16,53,4,-457967,1002,247,3,131,234,25,40.2463729,-111.6491102,1401.24,1420.016,0.014,0.01,1.758,0.895,-0.028,1.973,26.98204,0.084,2.4608,1.13,0.0
1576083109999350754,344,1576083109999076088,,2019,12,11,16,53,4,99541994,1002,247,3,131,234,24,40.2463745,-111.6491092,1401.242,1420.018,0.014,0.01,1.738,0.893,-0.034,1.954,27.18695,0.085,2.47096,1.17,0.0
1576083110096398921,345,1576083110096071171,,2019,12,11,16,53,4,199541955,1002,247,3,131,234,25,40.2463761,-111.6491081,1401.241,1420.017,0.014,0.01,1.776,0.888,-0.028,1.986,26.55994,0.084,2.33281,1.13,0.0
1576083110197350004,346,1576083110197058046,,2019,12,11,16,53,4,299541917,1002,247,3,131,234,25,40.2463776,-111.6491071,1401.25,1420.025,0.014,0.01,1.773,0.874,-0.024,1.977,26.22747,0.085,2.37406,1.13,0.0
1576083110298342088,347,1576083110298051713,,2019,12,11,16,53,4,399541879,1002,247,3,131,234,25,40.2463792,-111.6491061,1401.267,1420.043,0.014,0.01,1.779,0.779,-0.107,1.942,23.65262,0.085,2.40324,1.13,0.0
1576083110399377921,348,1576083110399071629,,2019,12,11,16,53,4,499541840,1002,247,3,131,234,25,40.2463809,-111.6491052,1401.259,1420.035,0.014,0.01,1.735,0.879,-0.124,1.945,26.86054,0.084,2.41996,1.13,0.0
1576083110496354213,349,1576083110496066213,,2019,12,11,16,53,4,599541802,1002,247,3,131,234,26,40.2463824,-111.6491042,1401.265,1420.041,0.014,0.01,1.711,0.766,-0.001,1.875,24.13001,0.084,2.45912,1.06,0.0
1576083110597326963,350,1576083110597053921,,2019,12,11,16,53,4,699541764,1002,247,3,131,234,26,40.2463838,-111.6491033,1401.284,1420.06,0.014,0.01,1.597,0.751,-0.075,1.765,25.18167,0.084,2.68331,1.06,0.0
1576083110690387504,351,1576083110690073671,,2019,12,11,16,53,4,799541726,1002,247,3,131,234,26,40.2463854,-111.6491023,1401.292,1420.068,0.014,0.01,1.735,0.838,-0.167,1.927,25.77997,0.085,2.46264,1.06,0.0
1576083110794395213,352,1576083110794079296,,2019,12,11,16,53,4,899541688,1002,247,3,131,234,26,40.2463869,-111.6491014,1401.295,1420.071,0.014,0.01,1.714,0.81,-0.063,1.895,25.29265,0.085,2.50093,1.06,0.0
1576083110894373505,353,1576083110894091880,,2019,12,11,16,53,5,-458350,1001,247,3,131,234,26,40.2463886,-111.6491004,1401.298,1420.073,0.014,0.01,1.842,0.919,-0.075,2.058,26.50938,0.084,2.32585,1.06,0.0
1576083110995326171,354,1576083110995061338,,2019,12,11,16,53,5,99541611,1002,247,3,131,234,25,40.2463902,-111.6490993,1401.305,1420.081,0.014,0.01,1.869,0.858,-0.076,2.056,24.65194,0.084,2.33282,1.08,0.0
1576083111089375880,355,1576083111089060505,,2019,12,11,16,53,5,199541573,1001,247,3,131,234,26,40.2463919,-111.6490982,1401.318,1420.094,0.014,0.01,1.816,0.958,-0.052,2.053,27.80189,0.082,2.35834,1.06,0.0
1576083111197336255,356,1576083111197071755,,2019,12,11,16,53,5,299541535,1002,247,3,131,234,26,40.2463936,-111.6490971,1401.32,1420.096,0.014,0.01,1.921,0.885,-0.103,2.115,24.73064,0.084,2.22851,1.06,0.0
1576083111299402296,357,1576083111299081171,,2019,12,11,16,53,5,399541497,1002,247,3,131,234,26,40.2463954,-111.6490961,1401.32,1420.096,0.014,0.01,1.925,0.89,-0.027,2.121,24.82165,0.083,2.25339,1.06,0.0
1576083111395268005,358,1576083111395054671,,2019,12,11,16,53,5,499541459,1002,247,3,131,234,26,40.246397,-111.649095,1401.33,1420.105,0.014,0.01,1.904,1.049,-0.012,2.174,28.84457,0.083,2.22676,1.06,0.0
1576083111496334963,359,1576083111496055838,,2019,12,11,16,53,5,599541421,1002,247,3,131,234,26,40.2463987,-111.6490938,1401.332,1420.108,0.014,0.01,1.833,0.976,-0.124,2.076,28.03192,0.084,2.34996,1.06,0.0
1576083111590358880,360,1576083111590053463,,2019,12,11,16,53,5,699541383,1002,247,3,131,234,26,40.2464003,-111.6490926,1401.349,1420.125,0.014,0.01,1.801,0.969,-0.097,2.045,28.26695,0.084,2.38865,1.06,0.0
1576083111693388880,361,1576083111693087921,,2019,12,11,16,53,5,799541345,1002,247,3,131,234,26,40.246402,-111.6490915,1401.342,1420.117,0.014,0.01,1.81,0.995,-0.08,2.065,28.79589,0.085,2.35995,1.06,0.0
1576083111795376671,362,1576083111795074130,,2019,12,11,16,53,5,899541307,1002,247,3,131,234,24,40.2464035,-111.6490904,1401.341,1420.117,0.014,0.01,1.752,0.909,-0.003,1.974,27.40735,0.086,2.51219,1.17,0.0
1576083111903314630,363,1576083111903064213,,2019,12,11,16,53,6,-458730,1002,247,3,131,234,24,40.2464051,-111.6490893,1401.354,1420.129,0.014,0.01,1.751,0.899,-0.109,1.968,27.18583,0.084,2.50889,1.17,0.0
1576083111994364671,364,1576083111994077921,,2019,12,11,16,53,6,99541231,1002,247,3,131,234,24,40.2464067,-111.6490883,1401.365,1420.141,0.014,0.01,1.809,0.827,-0.099,1.989,24.55725,0.085,2.39403,1.17,0.0
1576083112093313546,365,1576083112093062713,,2019,12,11,16,53,6,199541193,1002,247,3,131,234,24,40.2464083,-111.6490873,1401.372,1420.148,0.014,0.01,1.71,0.892,-0.046,1.929,27.54292,0.084,2.47812,1.17,0.0
1576083112196391296,366,1576083112196082130,,2019,12,11,16,53,6,299541154,1002,247,3,131,234,23,40.2464099,-111.6490863,1401.381,1420.156,0.014,0.01,1.873,0.905,-0.118,2.08,25.79394,0.085,2.31241,1.18,0.0
1576083112295320421,367,1576083112295068046,,2019,12,11,16,53,6,399541116,1002,247,3,131,234,23,40.2464115,-111.6490851,1401.372,1420.147,0.014,0.01,1.851,0.898,-0.151,2.058,25.87026,0.084,2.31251,1.18,0.0
1576083112397358880,368,1576083112397073130,,2019,12,11,16,53,6,499541078,1002,247,3,131,234,24,40.2464132,-111.649084,1401.39,1420.165,0.014,0.01,1.74,0.944,0.065,1.98,28.46611,0.083,2.45195,1.14,0.0
1576083112492349338,369,1576083112492059005,,2019,12,11,16,53,6,599541040,1002,247,3,131,234,25,40.2464147,-111.6490829,1401.391,1420.166,0.014,0.01,1.759,1.011,-0.118,2.029,29.88661,0.082,2.34819,1.13,0.0
1576083112595311296,370,1576083112595064796,,2019,12,11,16,53,6,699541002,1002,247,3,131,234,24,40.2464164,-111.6490818,1401.391,1420.166,0.014,0.01,1.795,0.919,-0.043,2.016,27.10483,0.084,2.40282,1.14,0.0
1576083112696387421,371,1576083112696088046,,2019,12,11,16,53,6,799540964,1002,247,3,131,234,26,40.2464179,-111.6490807,1401.399,1420.175,0.014,0.01,1.718,0.944,-0.074,1.96,28.78197,0.083,2.43848,1.06,0.0
1576083112795358921,372,1576083112795069380,,2019,12,11,16,53,6,899540927,1002,247,3,131,234,25,40.2464195,-111.6490796,1401.418,1420.193,0.014,0.01,1.793,0.923,-0.101,2.016,27.23249,0.082,2.34905,1.08,0.0
1576083112892348796,373,1576083112892063880,,2019,12,11,16,53,7,-459110,1001,247,3,131,234,26,40.246421,-111.6490784,1401.434,1420.209,0.014,0.01,1.706,0.992,-0.106,1.973,30.19099,0.081,2.40057,1.06,0.0
1576083112996311796,374,1576083112996055546,,2019,12,11,16,53,7,99540851,1002,247,3,131,234,26,40.2464226,-111.6490774,1401.432,1420.208,0.014,0.01,1.721,0.915,-0.113,1.949,28.00324,0.081,2.44799,1.06,0.0
1576083113095347338,375,1576083113095069838,,2019,12,11,16,53,7,199540813,1002,247,3,131,234,26,40.2464242,-111.6490763,1401.429,1420.204,0.014,0.01,1.825,0.844,-0.041,2.011,24.80555,0.082,2.35678,1.06,0.0
1576083113195348713,376,1576083113195068463,,2019,12,11,16,53,7,299540775,1002,247,3,131,234,26,40.2464258,-111.6490751,1401.424,1420.199,0.014,0.01,1.773,1.024,0.018,2.047,30.01202,0.08,2.33941,1.06,0.0
1576083113297403463,377,1576083113297067963,,2019,12,11,16,53,7,399540738,1002,247,3,131,234,26,40.2464275,-111.6490741,1401.437,1420.212,0.014,0.01,1.811,0.933,-0.021,2.037,27.25302,0.082,2.3818,1.06,0.0
1576083113391399963,378,1576083113391082255,,2019,12,11,16,53,7,499540700,1002,247,3,131,234,26,40.246429,-111.6490729,1401.454,1420.23,0.014,0.01,1.735,0.997,-0.097,2.001,29.8819,0.082,2.55222,1.06,0.0
1576083113495326838,379,1576083113495065296,,2019,12,11,16,53,7,599540662,1002,247,3,131,234,25,40.2464306,-111.6490717,1401.459,1420.234,0.014,0.01,1.67,1.027,-0.105,1.96,31.58768,0.081,2.52205,1.09,0.0
1576083113594328172,380,1576083113594062047,,2019,12,11,16,53,7,699540624,1002,247,3,131,234,25,40.246432,-111.6490706,1401.462,1420.237,0.014,0.01,1.645,0.89,-0.059,1.87,28.41521,0.081,2.50581,1.09,0.0
1576083113686390005,381,1576083113686085255,,2019,12,11,16,53,7,799540587,1001,247,3,131,234,25,40.2464337,-111.6490694,1401.476,1420.252,0.014,0.01,1.779,1.056,-0.114,2.069,30.69813,0.081,2.36697,1.09,0.0
1576083113794348838,382,1576083113794075880,,2019,12,11,16,53,7,899540549,1002,247,3,131,234,25,40.2464352,-111.6490682,1401.476,1420.251,0.014,0.01,1.726,1.032,-0.094,2.011,30.87459,0.079,2.36873,1.09,0.0
1576083113901343672,383,1576083113901074213,,2019,12,11,16,53,8,-459488,1002,247,3,131,234,25,40.2464368,-111.6490669,1401.485,1420.26,0.014,0.01,1.81,1.055,-0.035,2.096,30.23466,0.081,2.33108,1.09,0.0
1576083114001369047,384,1576083114001069755,,2019,12,11,16,53,8,99540474,1002,247,3,131,234,25,40.2464384,-111.6490656,1401.487,1420.263,0.014,0.01,1.74,1.144,-0.065,2.082,33.33117,0.08,2.29328,1.09,0.0
1576083114095345922,385,1576083114095060088,,2019,12,11,16,53,8,199540436,1002,247,3,131,234,25,40.24644,-111.6490642,1401.51,1420.285,0.014,0.01,1.763,1.183,-0.074,2.123,33.85661,0.081,2.28047,1.09,0.0
1576083114197236255,386,1576083114197044838,,2019,12,11,16,53,8,299540399,1002,247,3,131,234,25,40.2464415,-111.6490629,1401.508,1420.283,0.014,0.01,1.691,1.079,-0.128,2.006,32.54441,0.081,2.43928,1.09,0.0
1576083114292366172,387,1576083114292055755,,2019,12,11,16,53,8,399540361,1002,247,3,131,234,25,40.246443,-111.6490616,1401.509,1420.284,0.014,0.01,1.691,1.077,-0.046,2.005,32.49969,0.08,2.5035,1.09,0.0
1576083114396334088,388,1576083114396058547,,2019,12,11,16,53,8,499540324,1002,247,3,131,234,25,40.2464445,-111.6490603,1401.52,1420.295,0.014,0.01,1.641,1.147,-0.068,2.003,34.94619,0.078,2.51031,1.09,0.0
1576083114496314505,389,1576083114496056463,,2019,12,11,16,53,8,599540286,1002,247,3,131,234,25,40.246446,-111.6490591,1401.524,1420.3,0.014,0.01,1.71,1.067,-0.122,2.016,31.95993,0.08,2.50382,1.09,0.0
1576083114596340213,390,1576083114596055088,,2019,12,11,16,53,8,699540249,1002,247,3,131,234,25,40.2464475,-111.6490578,1401.533,1420.308,0.014,0.01,1.674,1.028,-0.058,1.964,31.56492,0.08,2.53716,1.09,0.0
1576083114695352422,391,1576083114695087088,,2019,12,11,16,53,8,799540211,1002,247,3,131,234,25,40.2464491,-111.6490565,1401.545,1420.32,0.014,0.01,1.679,1.112,-0.075,2.014,33.53412,0.08,2.37525,1.09,0.0
1576083114785374380,392,1576083114785070963,,2019,12,11,16,53,8,899540174,1001,247,3,131,234,25,40.2464507,-111.6490553,1401.542,1420.317,0.014,0.01,1.768,1.091,-0.102,2.077,31.67199,0.08,2.32021,1.09,0.0
1576083114904320338,393,1576083114904080505,,2019,12,11,16,53,9,-459863,1002,247,3,131,234,25,40.2464522,-111.6490539,1401.551,1420.327,0.014,0.01,1.705,1.104,-0.006,2.031,32.91296,0.08,2.34924,1.09,0.0
1576083114997312880,394,1576083114997060755,,2019,12,11,16,53,9,99540099,1002,247,3,131,234,25,40.2464537,-111.6490526,1401.56,1420.336,0.014,0.01,1.669,1.169,-0.09,2.038,35.01319,0.08,2.35799,1.09,0.0
1576083115097320755,395,1576083115097076755,,2019,12,11,16,53,9,199540061,1002,247,3,131,234,25,40.2464553,-111.6490513,1401.56,1420.336,0.014,0.01,1.726,1.092,-0.06,2.042,32.31615,0.081,2.36091,1.09,0.0
1576083115192379588,396,1576083115192072213,,2019,12,11,16,53,9,299540024,1002,247,3,131,234,25,40.2464568,-111.64905,1401.565,1420.34,0.014,0.01,1.657,1.151,0.006,2.018,34.77619,0.08,2.41318,1.09,0.0
1576083115296317422,397,1576083115296070672,,2019,12,11,16,53,9,399539986,1002,247,3,131,234,25,40.2464582,-111.6490486,1401.567,1420.343,0.014,0.01,1.638,1.123,-0.077,1.986,34.4351,0.08,2.49603,1.09,0.0
1576083115397389255,398,1576083115397072338,,2019,12,11,16,53,9,499539948,1002,247,3,131,234,25,40.2464598,-111.6490473,1401.58,1420.356,0.014,0.01,1.736,1.102,-0.065,2.056,32.40928,0.08,2.4292,1.09,0.0
1576083115496300922,399,1576083115496057463,,2019,12,11,16,53,9,599539911,1002,247,3,131,234,25,40.2464613,-111.6490459,1401.588,1420.364,0.014,0.01,1.682,1.189,-0.09,2.06,35.25422,0.081,2.4608,1.09,0.0
1576083115594349047,400,1576083115594063630,,2019,12,11,16,53,9,699539874,1002,247,3,131,234,24,40.2464628,-111.6490445,1401.58,1420.355,0.014,0.01,1.682,1.184,-0.048,2.057,35.13243,0.082,2.50943,1.1,0.0
1576083115695403255,401,1576083115695079380,,2019,12,11,16,53,9,799539836,1002,247,3,131,234,24,40.2464644,-111.6490431,1401.59,1420.365,0.014,0.01,1.741,1.182,-0.003,2.104,34.18577,0.081,2.41173,1.1,0.0
1576083115795392838,402,1576083115795080005,,2019,12,11,16,53,9,899539799,1002,247,3,131,234,24,40.2464659,-111.6490418,1401.599,1420.374,0.014,0.01,1.645,1.155,-0.089,2.01,35.091,0.08,2.55918,1.1,0.0
1576083115902360797,403,1576083115902061172,,2019,12,11,16,53,10,-460237,1002,247,3,131,234,24,40.2464674,-111.6490404,1401.594,1420.369,0.014,0.01,1.677,1.182,-0.05,2.051,35.18848,0.08,2.51204,1.1,0.0
1576083115996307172,404,1576083115996059422,,2019,12,11,16,53,10,99539724,1002,247,3,131,234,24,40.2464689,-111.649039,1401.615,1420.39,0.014,0.01,1.679,1.145,-0.014,2.032,34.28819,0.081,2.51871,1.1,0.0
1576083116091448672,405,1576083116091072213,,2019,12,11,16,53,10,199539687,1002,247,3,131,234,24,40.2464704,-111.6490377,1401.612,1420.388,0.014,0.01,1.626,1.173,-0.119,2.005,35.81163,0.081,2.47632,1.1,0.0
1576083116196399005,406,1576083116196097922,,2019,12,11,16,53,10,299539649,1002,247,3,131,234,24,40.2464719,-111.6490364,1401.613,1420.388,0.014,0.01,1.723,1.116,-0.038,2.053,32.94412,0.081,2.45805,1.1,0.0
1576083116299386755,407,1576083116299079130,,2019,12,11,16,53,10,399539612,1002,247,3,131,234,25,40.2464734,-111.649035,1401.628,1420.403,0.014,0.01,1.73,1.133,-0.053,2.068,33.23401,0.082,2.44583,1.09,0.0
1576083116397353964,408,1576083116397074964,,2019,12,11,16,53,10,499539575,1002,247,3,131,234,25,40.246475,-111.6490337,1401.625,1420.4,0.014,0.01,1.629,1.197,-0.057,2.022,36.30675,0.08,2.46451,1.09,0.0
1576083116495319422,409,1576083116495072964,,2019,12,11,16,53,10,599539537,1002,247,3,131,234,25,40.2464766,-111.6490323,1401.636,1420.411,0.014,0.01,1.815,1.135,-0.046,2.141,32.01494,0.081,2.26725,1.09,0.0
1576083116596362630,410,1576083116596057464,,2019,12,11,16,53,10,699539500,1002,247,3,131,234,25,40.2464781,-111.6490309,1401.638,1420.414,0.014,0.01,1.706,1.213,-0.025,2.093,35.41966,0.08,2.37801,1.09,0.0
1576083116693406922,411,1576083116693102380,,2019,12,11,16,53,10,799539463,1002,247,3,131,234,25,40.2464796,-111.6490295,1401.654,1420.429,0.014,0.01,1.62,1.166,-0.069,1.996,35.73458,0.08,2.48332,1.09,0.0
1576083116794361964,412,1576083116794056797,,2019,12,11,16,53,10,899539425,1002,247,3,131,234,25,40.2464811,-111.6490282,1401.645,1420.421,0.014,0.01,1.627,1.172,-0.088,2.005,35.75234,0.081,2.5069,1.09,0.0
1576083116902291797,413,1576083116902066422,,2019,12,11,16,53,11,-460611,1002,247,3,131,234,24,40.2464825,-111.6490268,1401.647,1420.423,0.014,0.01,1.697,1.145,-0.023,2.047,34.0201,0.082,2.54658,1.1,0.0
1576083116990416714,414,1576083116990073505,,2019,12,11,16,53,11,99539351,1002,247,3,131,234,24,40.246484,-111.6490253,1401.672,1420.448,0.014,0.01,1.635,1.239,-0.031,2.051,37.16791,0.082,2.56478,1.1,0.0
1576083117095332255,415,1576083117095066339,,2019,12,11,16,53,11,199539313,1002,247,3,131,234,24,40.2464854,-111.6490239,1401.673,1420.448,0.014,0.01,1.597,1.174,-0.178,1.982,36.33393,0.082,2.64409,1.1,0.0
1576083117198353672,416,1576083117198060964,,2019,12,11,16,53,11,299539276,1002,247,3,131,234,25,40.246487,-111.6490225,1401.676,1420.452,0.014,0.01,1.745,1.169,-0.059,2.101,33.81636,0.081,2.46783,1.09,0.0
1576083117298330255,417,1576083117298052172,,2019,12,11,16,53,11,399539239,1002,247,3,131,234,25,40.2464885,-111.6490211,1401.672,1420.447,0.014,0.01,1.716,1.163,-0.022,2.073,34.14102,0.08,2.48933,1.09,0.0
1576083117397374005,418,1576083117397056130,,2019,12,11,16,53,11,499539202,1002,247,3,131,234,24,40.24649,-111.6490196,1401.688,1420.463,0.014,0.01,1.74,1.261,-0.043,2.148,35.92767,0.08,2.46869,1.11,0.0
1576083117496328922,419,1576083117496052380,,2019,12,11,16,53,11,599539164,1002,247,3,131,234,24,40.2464915,-111.6490183,1401.676,1420.452,0.014,0.01,1.602,1.16,-0.046,1.978,35.90637,0.08,2.57331,1.11,0.0
1576083117595316964,420,1576083117595069839,,2019,12,11,16,53,11,699539127,1002,247,3,131,234,24,40.246493,-111.6490167,1401.684,1420.46,0.014,0.01,1.661,1.3,0.06,2.109,38.06025,0.08,2.34396,1.1,0.0
1576083117695351630,421,1576083117695076422,,2019,12,11,16,53,11,799539090,1002,247,3,131,234,24,40.2464944,-111.6490154,1401.687,1420.463,0.014,0.01,1.592,1.154,-0.083,1.966,35.94196,0.082,2.5319,1.1,0.0
1576083117796313922,422,1576083117796058380,,2019,12,11,16,53,11,899539052,1002,247,3,131,234,24,40.2464958,-111.649014,1401.693,1420.468,0.014,0.01,1.549,1.145,-0.039,1.926,36.47196,0.081,2.52661,1.1,0.0
1576083117896354422,423,1576083117896056297,,2019,12,11,16,53,12,-460984,1002,247,3,131,234,25,40.2464972,-111.6490126,1401.691,1420.466,0.014,0.01,1.594,1.173,-0.083,1.979,36.33804,0.081,2.48357,1.09,0.0
1576083117995323422,424,1576083117995067005,,2019,12,11,16,53,12,99538978,1002,247,3,131,234,24,40.2464987,-111.6490113,1401.706,1420.481,0.014,0.01,1.651,1.171,-0.029,2.025,35.34904,0.081,2.49732,1.11,0.0
1576083118095442880,425,1576083118095068964,,2019,12,11,16,53,12,199538941,1002,247,3,131,234,24,40.2465002,-111.6490099,1401.718,1420.494,0.014,0.01,1.672,1.187,-0.158,2.051,35.37762,0.082,2.57668,1.11,0.0
1576083118197344589,426,1576083118197073672,,2019,12,11,16,53,12,299538903,1002,247,3,131,234,24,40.2465018,-111.6490085,1401.708,1420.483,0.014,0.01,1.713,1.191,-0.045,2.087,34.81541,0.082,2.53896,1.11,0.0
1576083118296284839,427,1576083118296053005,,2019,12,11,16,53,12,399538866,1002,247,3,131,234,24,40.2465033,-111.6490069,1401.716,1420.492,0.014,0.01,1.781,1.31,0.008,2.211,36.33661,0.082,2.33758,1.11,0.0
1576083118397301880,428,1576083118397053964,,2019,12,11,16,53,12,499538829,1002,247,3,131,234,24,40.2465049,-111.6490054,1401.724,1420.5,0.014,0.01,1.681,1.3,-0.062,2.125,37.73209,0.079,2.37217,1.11,0.0
1576083118496292005,429,1576083118496049130,,2019,12,11,16,53,12,599538792,1002,247,3,131,234,24,40.2465064,-111.649004,1401.718,1420.494,0.014,0.01,1.685,1.241,-0.057,2.092,36.37521,0.08,2.46242,1.11,0.0
1576083118594379339,430,1576083118594066672,,2019,12,11,16,53,12,699538754,1002,247,3,131,234,24,40.2465079,-111.6490024,1401.726,1420.502,0.014,0.01,1.679,1.362,0.019,2.162,39.0354,0.08,2.43325,1.11,0.0
1576083118696358172,431,1576083118696081880,,2019,12,11,16,53,12,799538717,1002,247,3,131,234,25,40.2465093,-111.6490008,1401.736,1420.512,0.014,0.01,1.532,1.354,-0.052,2.044,41.48239,0.079,2.5288,1.07,0.0
1576083118790402297,432,1576083118790074589,,2019,12,11,16,53,12,899538680,1002,247,3,131,234,24,40.2465106,-111.6489993,1401.746,1420.522,0.014,0.01,1.559,1.278,-0.149,2.015,39.34508,0.08,2.54995,1.08,0.0
1576083118903370172,433,1576083118903090089,,2019,12,11,16,53,13,-461356,1002,247,3,131,234,24,40.2465122,-111.6489978,1401.746,1420.521,0.014,0.01,1.678,1.242,-0.116,2.088,36.49351,0.083,2.47653,1.08,0.0
1576083118999337380,434,1576083118999078339,,2019,12,11,16,53,13,99538606,1002,247,3,131,234,24,40.2465136,-111.6489962,1401.763,1420.538,0.014,0.01,1.539,1.353,-0.056,2.049,41.31412,0.081,2.48739,1.08,0.0
1576083119101393922,435,1576083119101074922,,2019,12,11,16,53,13,199538568,1002,247,3,131,234,26,40.2465151,-111.6489948,1401.765,1420.541,0.014,0.01,1.697,1.199,-0.116,2.078,35.25386,0.083,2.4478,1.06,0.0
1576083119198312047,436,1576083119198057922,,2019,12,11,16,53,13,299538531,1002,247,3,131,234,26,40.2465165,-111.6489931,1401.765,1420.541,0.014,0.01,1.581,1.424,0.014,2.127,42.0097,0.082,2.38739,1.06,0.0
1576083119300306547,437,1576083119300056797,,2019,12,11,16,53,13,399538494,1002,247,3,131,234,26,40.246518,-111.6489916,1401.773,1420.548,0.014,0.01,1.61,1.303,-0.032,2.071,38.9889,0.082,2.43335,1.06,0.0
1576083119401307631,438,1576083119401055214,,2019,12,11,16,53,13,499538457,1002,247,3,131,234,25,40.2465194,-111.64899,1401.779,1420.554,0.014,0.01,1.554,1.356,-0.037,2.062,41.10463,0.081,2.45161,1.07,0.0
1576083119497383881,439,1576083119497071339,,2019,12,11,16,53,13,599538420,1002,247,3,131,234,25,40.2465207,-111.6489885,1401.788,1420.564,0.014,0.01,1.523,1.298,-0.051,2.001,40.44592,0.081,2.53094,1.07,0.0
1576083119598280714,440,1576083119598059214,,2019,12,11,16,53,13,699538383,1002,247,3,131,234,25,40.2465222,-111.648987,1401.786,1420.562,0.014,0.01,1.57,1.308,-0.082,2.044,39.80291,0.08,2.55048,1.07,0.0
1576083119691333381,441,1576083119691072589,,2019,12,11,16,53,13,799538345,1002,247,3,131,234,26,40.2465235,-111.6489853,1401.8,1420.575,0.014,0.01,1.494,1.387,-0.083,2.039,42.86323,0.08,2.57103,1.06,0.0
1576083119796384131,442,1576083119796080256,,2019,12,11,16,53,13,899538309,1002,247,3,131,234,26,40.246525,-111.6489838,1401.807,1420.582,0.014,0.01,1.625,1.203,-0.166,2.022,36.50615,0.08,2.58306,1.06,0.0
1576083119907372006,443,1576083119907077172,,2019,12,11,16,53,14,-461728,1002,247,3,131,234,26,40.2465263,-111.6489822,1401.823,1420.599,0.014,0.01,1.577,1.301,-0.181,2.044,39.52647,0.08,2.55266,1.06,0.0
1576083120006334589,444,1576083120006069964,,2019,12,11,16,53,14,99538234,1002,247,3,131,234,25,40.2465277,-111.6489807,1401.821,1420.597,0.014,0.01,1.488,1.311,-0.072,1.983,41.38007,0.08,2.64605,1.07,0.0
1576083120087382422,445,1576083120087072422,,2019,12,11,16,53,14,199538197,1002,247,3,131,234,25,40.2465291,-111.6489791,1401.831,1420.607,0.014,0.01,1.554,1.278,-0.042,2.012,39.43116,0.08,2.59367,1.07,0.0
1576083120201329797,446,1576083120201066506,,2019,12,11,16,53,14,299538160,1002,247,3,131,234,25,40.2465305,-111.6489776,1401.845,1420.62,0.014,0.01,1.479,1.34,-0.097,1.996,42.17738,0.081,2.65832,1.07,0.0
1576083120302397214,447,1576083120302071464,,2019,12,11,16,53,14,399538124,1002,247,3,131,234,25,40.2465318,-111.6489762,1401.842,1420.618,0.014,0.01,1.482,1.252,-0.087,1.94,40.1879,0.08,2.72786,1.07,0.0
1576083120400289047,448,1576083120400042756,,2019,12,11,16,53,14,499538086,1002,247,3,131,234,25,40.2465331,-111.6489745,1401.866,1420.642,0.014,0.01,1.483,1.331,-0.078,1.992,41.91135,0.081,2.69131,1.07,0.0
1576083120501383547,449,1576083120501051922,,2019,12,11,16,53,14,599538050,1002,247,3,131,234,25,40.2465344,-111.648973,1401.88,1420.656,0.014,0.01,1.436,1.27,-0.2,1.917,41.49227,0.081,2.81897,1.07,0.0
1576083120592323006,450,1576083120592082256,,2019,12,11,16,53,14,699538013,1003,247,3,131,234,25,40.2465357,-111.6489717,1401.879,1420.654,0.014,0.01,1.496,1.167,-0.075,1.898,37.96303,0.081,2.78369,1.07,0.0
1576083120698364839,451,1576083120698066422,,2019,12,11,16,53,14,799537976,1002,247,3,131,234,24,40.2465371,-111.6489702,1401.894,1420.669,0.014,0.01,1.533,1.236,-0.066,1.969,38.87855,0.08,2.65854,1.08,0.0
1576083120797354464,452,1576083120797066839,,2019,12,11,16,53,14,899537939,1002,247,3,131,234,25,40.2465384,-111.6489688,1401.903,1420.679,0.014,0.01,1.5,1.141,-0.143,1.884,37.24679,0.079,2.75804,1.07,0.0
1576083120906410464,453,1576083120906075464,,2019,12,11,16,53,15,-462097,1002,247,3,131,234,25,40.2465398,-111.6489674,1401.908,1420.684,0.014,0.01,1.487,1.233,-0.088,1.932,39.66538,0.078,2.57732,1.07,0.0
1576083120996314006,454,1576083120996062464,,2019,12,11,16,53,15,99537865,1002,247,3,131,234,25,40.246541,-111.6489661,1401.92,1420.696,0.014,0.01,1.41,1.176,-0.043,1.836,39.81714,0.079,2.73745,1.07,0.0
1576083121099350797,455,1576083121099077589,,2019,12,11,16,53,15,199537828,1002,247,3,131,234,25,40.2465423,-111.6489646,1401.932,1420.708,0.014,0.01,1.461,1.171,-0.094,1.872,38.70696,0.079,2.66093,1.07,0.0
1576083121200333964,456,1576083121200067881,,2019,12,11,16,53,15,299537791,1002,247,3,131,234,25,40.2465436,-111.6489632,1401.931,1420.706,0.014,0.01,1.385,1.222,-0.097,1.847,41.42811,0.079,2.71171,1.07,0.0
1576083121300288172,457,1576083121300054256,,2019,12,11,16,53,15,399537754,1002,247,3,131,234,26,40.2465448,-111.6489618,1401.939,1420.715,0.014,0.01,1.364,1.209,-0.058,1.823,41.56031,0.079,2.7595,1.06,0.0
1576083121399321464,458,1576083121399065547,,2019,12,11,16,53,15,499537717,1002,247,3,131,234,25,40.2465461,-111.6489604,1401.941,1420.716,0.014,0.01,1.356,1.157,-0.087,1.782,40.47334,0.077,2.80981,1.07,0.0
1576083121491356089,459,1576083121491077256,,2019,12,11,16,53,15,599537680,1002,247,3,131,234,25,40.2465473,-111.648959,1401.954,1420.73,0.014,0.01,1.416,1.187,-0.05,1.847,39.97321,0.078,2.68519,1.07,0.0
1576083121596383214,460,1576083121596072089,,2019,12,11,16,53,15,699537643,1002,247,3,131,234,25,40.2465486,-111.6489577,1401.958,1420.733,0.014,0.01,1.443,1.128,-0.071,1.831,38.00773,0.078,2.66966,1.07,0.0
1576083121696347547,461,1576083121696065964,,2019,12,11,16,53,15,799537606,1002,247,3,131,234,24,40.2465499,-111.6489563,1401.963,1420.738,0.014,0.01,1.412,1.225,-0.073,1.87,40.95144,0.079,2.80621,1.09,0.0
1576083121795277631,462,1576083121795050214,,2019,12,11,16,53,15,899537569,1002,247,3,131,234,24,40.2465512,-111.648955,1401.974,1420.75,0.014,0.01,1.44,1.079,-0.084,1.8,36.84677,0.081,3.00187,1.09,0.0
1576083121901388798,463,1576083121901103923,,2019,12,11,16,53,16,-462467,1002,247,3,131,234,24,40.2465525,-111.6489536,1401.98,1420.756,0.014,0.01,1.432,1.178,-0.072,1.854,39.45762,0.081,2.92268,1.09,0.0
1576083121998349214,464,1576083121998060464,,2019,12,11,16,53,16,99537495,1002,247,3,131,234,24,40.2465537,-111.6489522,1401.978,1420.754,0.014,0.01,1.396,1.157,-0.07,1.813,39.66316,0.084,3.00876,1.11,0.0
1576083122096382631,465,1576083122096063506,,2019,12,11,16,53,16,199537458,1002,247,3,131,234,25,40.2465551,-111.6489511,1401.99,1420.766,0.014,0.01,1.46,1.05,-0.006,1.798,35.73648,0.085,3.01633,1.07,0.0
1576083122196362673,466,1576083122196059631,,2019,12,11,16,53,16,299537421,1002,247,3,131,234,25,40.2465562,-111.6489497,1401.994,1420.769,0.014,0.01,1.32,1.137,-0.092,1.743,40.73405,0.081,2.94622,1.07,0.0
1576083122297333673,467,1576083122297057839,,2019,12,11,16,53,16,399537384,1002,247,3,131,234,25,40.2465574,-111.6489485,1402.004,1420.78,0.014,0.01,1.345,0.996,-0.02,1.673,36.5289,0.082,3.14396,1.07,0.0
1576083122391338756,468,1576083122391081881,,2019,12,11,16,53,16,499537347,1002,247,3,131,234,25,40.2465587,-111.6489474,1402.008,1420.783,0.014,0.01,1.383,0.937,-0.093,1.67,34.12703,0.081,3.02597,1.07,0.0
1576083122495331881,469,1576083122495069381,,2019,12,11,16,53,16,599537310,1002,247,3,131,234,25,40.2465598,-111.6489463,1402.01,1420.786,0.014,0.01,1.331,0.874,-0.049,1.592,33.28492,0.08,3.08277,1.07,0.0
1576083122595351756,470,1576083122595069464,,2019,12,11,16,53,16,699537273,1002,247,3,131,234,25,40.246561,-111.6489453,1402.009,1420.784,0.014,0.01,1.275,0.873,-0.044,1.545,34.39399,0.079,3.14522,1.07,0.0
1576083122695382839,471,1576083122695080423,,2019,12,11,16,53,16,799537237,1002,247,3,131,234,25,40.2465623,-111.6489443,1402.004,1420.78,0.014,0.01,1.381,0.86,-0.016,1.627,31.90821,0.079,2.96373,1.07,0.0
1576083122793328548,472,1576083122793067798,,2019,12,11,16,53,16,899537200,1002,247,3,131,234,25,40.2465635,-111.6489434,1402.01,1420.785,0.014,0.01,1.342,0.75,0.053,1.537,29.18802,0.08,2.9839,1.07,0.0
1576083122901402298,473,1576083122901082423,,2019,12,11,16,53,17,-462836,1002,247,3,131,234,25,40.2465646,-111.6489425,1402.012,1420.787,0.014,0.01,1.24,0.777,0.011,1.464,32.06548,0.08,3.1334,1.13,0.0
1576083122995349964,474,1576083122995065131,,2019,12,11,16,53,17,99537126,1002,247,3,131,234,25,40.2465657,-111.6489417,1402.015,1420.791,0.014,0.01,1.237,0.711,-0.049,1.427,29.89971,0.079,3.08814,1.13,0.0
1576083123093263548,475,1576083123093051423,,2019,12,11,16,53,17,199537089,1002,247,3,131,234,25,40.2465668,-111.6489411,1402.014,1420.789,0.014,0.01,1.163,0.588,-0.048,1.303,26.82392,0.08,3.34286,1.13,0.0
1576083123195332464,476,1576083123195069131,,2019,12,11,16,53,17,299537052,1002,247,3,131,234,25,40.2465678,-111.6489405,1402.018,1420.794,0.014,0.01,1.163,0.539,-0.051,1.282,24.89145,0.084,3.57629,1.08,0.0
1576083123289368506,477,1576083123289083339,,2019,12,11,16,53,17,399537015,1003,247,3,131,234,26,40.2465688,-111.6489399,1402.022,1420.797,0.014,0.01,1.121,0.458,-0.041,1.211,22.24222,0.085,3.79089,1.06,0.0
1576083123393324964,478,1576083123393064589,,2019,12,11,16,53,17,499536978,1002,247,3,131,234,24,40.2465698,-111.6489394,1402.033,1420.808,0.014,0.01,1.199,0.364,-0.023,1.253,16.8886,0.091,3.69893,1.12,0.0
1576083123492318214,479,1576083123492054798,,2019,12,11,16,53,17,599536941,1002,247,3,131,234,22,40.2465708,-111.648939,1402.045,1420.821,0.014,0.01,1.1,0.306,-0.141,1.142,15.53094,0.095,4.37177,1.18,0.0
1576083123591334048,480,1576083123591068381,,2019,12,11,16,53,17,699536904,1003,247,3,131,234,22,40.2465718,-111.6489386,1402.034,1420.81,0.014,0.01,0.996,0.365,-0.041,1.061,20.10324,0.094,5.2534,1.18,0.0
1576083123690425173,481,1576083123690089089,,2019,12,11,16,53,17,799536867,1003,247,3,131,234,22,40.2465727,-111.6489383,1402.044,1420.82,0.014,0.01,1.091,0.194,0.079,1.108,10.10733,0.101,4.73168,1.18,0.0
1576083123791342214,482,1576083123791079381,,2019,12,11,16,53,17,899536830,1003,247,3,131,234,22,40.2465734,-111.648938,1402.041,1420.816,0.014,0.01,0.868,0.213,-0.052,0.894,13.80883,0.096,6.15659,1.18,0.0
1576083123898348381,483,1576083123898074048,,2019,12,11,16,53,18,-463206,1003,247,3,131,234,24,40.2465743,-111.6489381,1402.022,1420.797,0.014,0.01,0.956,-0.03,0.004,0.956,358.22975,0.101,4.82211,1.12,0.0
1576083123995336548,484,1576083123995067631,,2019,12,11,16,53,18,99536756,1003,247,3,131,234,22,40.2465751,-111.6489381,1402.025,1420.801,0.014,0.01,0.875,0.014,0.023,0.875,0.90123,0.098,5.49834,1.18,0.0
